"USER","site","sensor","id","user_id","site_id","sensor_id","last_hit_received_ts","num_hits_last_hour","last_s3_file_written_ts","last_s3_file_name","last_s3_file_status","created_at","updated_at","ts"
"stark","stark_industries","stark-yoyodyne_tabletop",21623,750070513,584828890,562522538,1306126870,18847,1306058490,"euclid-hit-collector-archives-hits/stark_industries/d85d4ca47884/2011/05/22/stark-yoyodyne_tabletop_20110522_0000_0030_hit_archive_1306058490.json.gz",1,"2011-05-23 05:01:16","2011-05-23 05:01:16",1306126875
"stark","stark_industries","stark-sf_stark2_first_floor",21644,750070513,584828890,1063375177,1306126864,7401,0,"na",0,"2011-05-23 05:01:16","2011-05-23 05:01:16",1306126875
"stark","stark_industries","stark-diablo_patio",21630,750070513,584828890,707696713,1306126875,20875,1306058492,"euclid-hit-collector-archives-hits/stark_industries/d85d4ca47cac/2011/05/22/stark-diablo_patio_20110522_0000_0030_hit_archive_1306058492.json.gz",1,"2011-05-23 05:01:16","2011-05-23 05:01:16",1306126875
"yoyodyne","yoyodyne","main_st_lightpost_1_west",21641,497772730,497772730,997624916,0,0,0,"na",0,"2011-05-23 05:01:16","2011-05-23 05:01:16",1306126875
"halo_corp","halo_corp","lab",21618,570488950,570488950,224943336,0,0,0,"na",0,"2011-05-23 05:01:16","2011-05-23 05:01:16",1306126875
"amertek","amertek","store3_store",21638,282818199,282818199,874831901,1306126865,7895,0,"na",0,"2011-05-23 05:01:16","2011-05-23 05:01:16",1306126875
"neiman_marcus","neiman_marcus","accton",21627,523231259,523231259,609147324,0,0,0,"na",0,"2011-05-23 05:01:17","2011-05-23 05:01:16",1306126875
"yoyodyne","yoyodyne","lab_kiosk",21634,497772730,497772730,766354529,1306126875,211998,1306058493,"euclid-hit-collector-archives-hits/yoyodyne/d85d4ca476af/2011/05/22/lab_kiosk_20110522_0000_0030_hit_archive_1306058493.json.gz",1,"2011-05-23 05:01:16","2011-05-23 05:01:16",1306126875
"stark","stark_industries","stark-sf_first_floor",21625,750070513,584828890,567029483,1306126875,32785,1306058491,"euclid-hit-collector-archives-hits/stark_industries/d85d4ca47e19/2011/05/22/stark-sf_first_floor_20110522_0000_0030_hit_archive_1306058491.json.gz",1,"2011-05-23 05:01:16","2011-05-23 05:01:16",1306126875
"yoyodyne","yoyodyne","main_st_lightpost_1_east",21615,497772730,497772730,107985819,0,0,0,"na",0,"2011-05-23 05:01:15","2011-05-23 05:01:15",1306126875
"euclid_dev","harrison_metal","conference_room",21635,35068142,509866921,849978914,1306126875,171433,1306058494,"euclid-hit-collector-archives-hits/harrison_metal/940c6dbc018a/2011/05/22/conference_room_20110522_0000_0030_hit_archive_1306058494.json.gz",1,"2011-05-23 05:01:16","2011-05-23 05:01:16",1306126875
"ryan","ryan","home",21643,767488622,767488622,1035953223,1306126875,55937,1306058496,"euclid-hit-collector-archives-hits/ryan/0012cfa45209/2011/05/22/home_20110522_0000_0030_hit_archive_1306058495.json.gz",1,"2011-05-23 05:01:16","2011-05-23 05:01:16",1306126875
"stark","stark_industries","stark-sf_stark2_second_floor",21632,750070513,584828890,745764876,1306126875,23843,1306058492,"euclid-hit-collector-archives-hits/stark_industries/d85d4ca48200/2011/05/22/stark-sf_stark2_second_floor_20110522_0000_0030_hit_archive_1306058492.json.gz",1,"2011-05-23 05:01:16","2011-05-23 05:01:16",1306126875
"acme","acme","acme-sf",21622,540414742,540414742,464475916,1306126875,75643,1306058494,"euclid-hit-collector-archives-hits/acme/0012cfa46906/2011/05/22/acme-sf_20110522_0000_0030_hit_archive_1306058490.json.gz",1,"2011-05-23 05:01:16","2011-05-23 05:01:16",1306126875
"bluth_co","bluth_co","store",21629,608405643,608405643,666565225,1306126870,35085,1306058493,"euclid-hit-collector-archives-hits/bluth_co/0012cfa4e2aa/2011/05/22/store_20110522_0000_0030_hit_archive_1306058492.json.gz",1,"2011-05-23 05:01:16","2011-05-23 05:01:16",1306126875
"amertek","amertek","store2_store",21620,282818199,282818199,307489707,1306114321,0,1306058493,"euclid-hit-collector-archives-hits/amertek/0012cfa4e03a/2011/05/22/store2_store_20110522_0230_0300_hit_archive_1306058489.json.gz",1,"2011-05-23 05:01:16","2011-05-23 05:01:16",1306126875
"seburo","seburo","store",21640,233007276,233007276,963219281,1306126875,67056,1306058496,"euclid-hit-collector-archives-hits/seburo/0012cfa46fc3/2011/05/22/store_20110522_0000_0030_hit_archive_1306058496.json.gz",1,"2011-05-23 05:01:16","2011-05-23 05:01:16",1306126875
"scott","scott","home",21637,242462757,242462757,864475662,1306126875,63607,1306058495,"euclid-hit-collector-archives-hits/scott/0012cfa4e41c/2011/05/22/home_20110522_0000_0030_hit_archive_1306058494.json.gz",1,"2011-05-23 05:01:16","2011-05-23 05:01:16",1306126875
"dunder_mifflin","dunder_mifflin","kiosk",21633,483634850,483634850,747636774,1306095374,0,0,"na",0,"2011-05-23 05:01:16","2011-05-23 05:01:16",1306126875
"telstar","telstar","office",21614,273013281,273013281,77003772,1306126875,66231,1306058487,"euclid-hit-collector-archives-hits/telstar/0012cfa4a308/2011/05/22/office_20110522_0000_0030_hit_archive_1306058487.json.gz",1,"2011-05-23 05:01:15","2011-05-23 05:01:15",1306126875
"stark","stark_industries","stark-palo_alto_core",21624,750070513,584828890,562584705,1306126875,20995,1306058490,"euclid-hit-collector-archives-hits/stark_industries/d85d4ca47f65/2011/05/22/stark-palo_alto_core_20110522_0000_0030_hit_archive_1306058490.json.gz",1,"2011-05-23 05:01:16","2011-05-23 05:01:16",1306126875
"tyrell_corp","tyrell_corp","store",21642,287389215,287389215,1026883774,0,0,0,"na",0,"2011-05-23 05:01:16","2011-05-23 05:01:16",1306126875
"stark","stark_industries","stark-sf_second_floor",21631,750070513,584828890,709127051,1306126875,14434,1306058492,"euclid-hit-collector-archives-hits/stark_industries/d85d4ca4820c/2011/05/22/stark-sf_second_floor_20110522_0000_0030_hit_archive_1306058492.json.gz",1,"2011-05-23 05:01:16","2011-05-23 05:01:16",1306126875
"east_india_co","east_india_co","lab",21621,871229211,871229211,361722257,0,0,0,"na",0,"2011-05-23 05:01:16","2011-05-23 05:01:16",1306126875
"euclid_dev","harrison_metal","proto_1",21617,35068142,509866921,213796371,0,0,0,"na",0,"2011-05-23 05:01:16","2011-05-23 05:01:16",1306126875
"kwik_e_mart","kwik_e_mart","point_of_sale",21616,634519361,634519361,113389711,1306126875,141398,1306058490,"euclid-hit-collector-archives-hits/kwik_e_mart/940c6dc0ad44/2011/05/22/point_of_sale_20110522_0000_0030_hit_archive_1306058489.json.gz",1,"2011-05-23 05:01:16","2011-05-23 05:01:16",1306126875
"acme","acme","acme-yoyodyne",21619,540414742,540414742,289836770,1306126875,60955,1306058491,"euclid-hit-collector-archives-hits/acme/0012cfa469b6/2011/05/22/acme-yoyodyne_20110522_0000_0030_hit_archive_1306058490.json.gz",1,"2011-05-23 05:01:16","2011-05-23 05:01:16",1306126875
"stark","stark_industries","stark-yoyodyne_gourmet",21628,750070513,584828890,627202110,1306126875,20536,1306058492,"euclid-hit-collector-archives-hits/stark_industries/d85d4ca47a17/2011/05/22/stark-yoyodyne_gourmet_20110522_0000_0030_hit_archive_1306058492.json.gz",1,"2011-05-23 05:01:16","2011-05-23 05:01:16",1306126875
"yoyodyne","yoyodyne","pinkberry_kiosk",21639,497772730,497772730,936350484,1306126875,207058,1306058496,"euclid-hit-collector-archives-hits/yoyodyne/d85d4ca47c6d/2011/05/22/pinkberry_kiosk_20110522_0000_0030_hit_archive_1306058495.json.gz",1,"2011-05-23 05:01:16","2011-05-23 05:01:16",1306126875
"amertek","amertek","store1_store",21626,282818199,282818199,599519544,1306126517,567,0,"na",0,"2011-05-23 05:01:16","2011-05-23 05:01:16",1306126875
"acme","acme","acme-palo_alto",21636,540414742,540414742,854262013,1306126870,19595,1306058495,"euclid-hit-collector-archives-hits/acme/0012cfa4694c/2011/05/22/acme-palo_alto_20110522_0000_0030_hit_archive_1306058495.json.gz",1,"2011-05-23 05:01:16","2011-05-23 05:01:16",1306126875
"tyrell_corp","tyrell_corp","store",21611,287389215,287389215,1026883774,0,0,0,"na",0,"2011-05-23 04:01:18","2011-05-23 04:01:18",1306123277
"stark","stark_industries","stark-sf_second_floor",21600,750070513,584828890,709127051,1306123267,15009,1306058492,"euclid-hit-collector-archives-hits/stark_industries/d85d4ca4820c/2011/05/22/stark-sf_second_floor_20110522_0000_0030_hit_archive_1306058492.json.gz",1,"2011-05-23 04:01:18","2011-05-23 04:01:18",1306123277
"east_india_co","east_india_co","lab",21590,871229211,871229211,361722257,0,0,0,"na",0,"2011-05-23 04:01:18","2011-05-23 04:01:18",1306123277
"euclid_dev","harrison_metal","proto_1",21586,35068142,509866921,213796371,0,0,0,"na",0,"2011-05-23 04:01:18","2011-05-23 04:01:18",1306123277
"kwik_e_mart","kwik_e_mart","point_of_sale",21585,634519361,634519361,113389711,1306123273,151784,1306058490,"euclid-hit-collector-archives-hits/kwik_e_mart/940c6dc0ad44/2011/05/22/point_of_sale_20110522_0000_0030_hit_archive_1306058489.json.gz",1,"2011-05-23 04:01:18","2011-05-23 04:01:18",1306123277
"acme","acme","acme-yoyodyne",21588,540414742,540414742,289836770,1306123273,60575,1306058491,"euclid-hit-collector-archives-hits/acme/0012cfa469b6/2011/05/22/acme-yoyodyne_20110522_0000_0030_hit_archive_1306058490.json.gz",1,"2011-05-23 04:01:18","2011-05-23 04:01:18",1306123277
"stark","stark_industries","stark-yoyodyne_gourmet",21597,750070513,584828890,627202110,1306123272,20304,1306058492,"euclid-hit-collector-archives-hits/stark_industries/d85d4ca47a17/2011/05/22/stark-yoyodyne_gourmet_20110522_0000_0030_hit_archive_1306058492.json.gz",1,"2011-05-23 04:01:18","2011-05-23 04:01:18",1306123277
"yoyodyne","yoyodyne","pinkberry_kiosk",21608,497772730,497772730,936350484,1306123278,240233,1306058496,"euclid-hit-collector-archives-hits/yoyodyne/d85d4ca47c6d/2011/05/22/pinkberry_kiosk_20110522_0000_0030_hit_archive_1306058495.json.gz",1,"2011-05-23 04:01:18","2011-05-23 04:01:18",1306123277
"amertek","amertek","store1_store",21595,282818199,282818199,599519544,1306123045,561,0,"na",0,"2011-05-23 04:01:18","2011-05-23 04:01:18",1306123277
"acme","acme","acme-palo_alto",21605,540414742,540414742,854262013,1306123272,19022,1306058495,"euclid-hit-collector-archives-hits/acme/0012cfa4694c/2011/05/22/acme-palo_alto_20110522_0000_0030_hit_archive_1306058495.json.gz",1,"2011-05-23 04:01:18","2011-05-23 04:01:18",1306123277
"stark","stark_industries","stark-yoyodyne_tabletop",21592,750070513,584828890,562522538,1306123278,18765,1306058490,"euclid-hit-collector-archives-hits/stark_industries/d85d4ca47884/2011/05/22/stark-yoyodyne_tabletop_20110522_0000_0030_hit_archive_1306058490.json.gz",1,"2011-05-23 04:01:18","2011-05-23 04:01:18",1306123277
"stark","stark_industries","stark-sf_stark2_first_floor",21613,750070513,584828890,1063375177,1306123267,7834,0,"na",0,"2011-05-23 04:01:18","2011-05-23 04:01:18",1306123277
"stark","stark_industries","stark-diablo_patio",21599,750070513,584828890,707696713,1306123278,23297,1306058492,"euclid-hit-collector-archives-hits/stark_industries/d85d4ca47cac/2011/05/22/stark-diablo_patio_20110522_0000_0030_hit_archive_1306058492.json.gz",1,"2011-05-23 04:01:18","2011-05-23 04:01:18",1306123277
"yoyodyne","yoyodyne","main_st_lightpost_1_west",21610,497772730,497772730,997624916,0,0,0,"na",0,"2011-05-23 04:01:18","2011-05-23 04:01:18",1306123277
"halo_corp","halo_corp","lab",21587,570488950,570488950,224943336,0,0,0,"na",0,"2011-05-23 04:01:18","2011-05-23 04:01:18",1306123277
"amertek","amertek","store3_store",21607,282818199,282818199,874831901,1306123267,6690,0,"na",0,"2011-05-23 04:01:18","2011-05-23 04:01:18",1306123277
"neiman_marcus","neiman_marcus","accton",21596,523231259,523231259,609147324,0,0,0,"na",0,"2011-05-23 04:01:18","2011-05-23 04:01:18",1306123277
"yoyodyne","yoyodyne","lab_kiosk",21603,497772730,497772730,766354529,1306123278,264938,1306058493,"euclid-hit-collector-archives-hits/yoyodyne/d85d4ca476af/2011/05/22/lab_kiosk_20110522_0000_0030_hit_archive_1306058493.json.gz",1,"2011-05-23 04:01:18","2011-05-23 04:01:18",1306123277
"stark","stark_industries","stark-sf_first_floor",21594,750070513,584828890,567029483,1306123272,38631,1306058491,"euclid-hit-collector-archives-hits/stark_industries/d85d4ca47e19/2011/05/22/stark-sf_first_floor_20110522_0000_0030_hit_archive_1306058491.json.gz",1,"2011-05-23 04:01:18","2011-05-23 04:01:18",1306123277
"yoyodyne","yoyodyne","main_st_lightpost_1_east",21584,497772730,497772730,107985819,0,0,0,"na",0,"2011-05-23 04:01:18","2011-05-23 04:01:18",1306123277
"euclid_dev","harrison_metal","conference_room",21604,35068142,509866921,849978914,1306123278,184406,1306058494,"euclid-hit-collector-archives-hits/harrison_metal/940c6dbc018a/2011/05/22/conference_room_20110522_0000_0030_hit_archive_1306058494.json.gz",1,"2011-05-23 04:01:18","2011-05-23 04:01:18",1306123277
"ryan","ryan","home",21612,767488622,767488622,1035953223,1306123278,72527,1306058496,"euclid-hit-collector-archives-hits/ryan/0012cfa45209/2011/05/22/home_20110522_0000_0030_hit_archive_1306058495.json.gz",1,"2011-05-23 04:01:18","2011-05-23 04:01:18",1306123277
"stark","stark_industries","stark-sf_stark2_second_floor",21601,750070513,584828890,745764876,1306123278,25111,1306058492,"euclid-hit-collector-archives-hits/stark_industries/d85d4ca48200/2011/05/22/stark-sf_stark2_second_floor_20110522_0000_0030_hit_archive_1306058492.json.gz",1,"2011-05-23 04:01:18","2011-05-23 04:01:18",1306123277
"acme","acme","acme-sf",21591,540414742,540414742,464475916,1306123278,72885,1306058494,"euclid-hit-collector-archives-hits/acme/0012cfa46906/2011/05/22/acme-sf_20110522_0000_0030_hit_archive_1306058490.json.gz",1,"2011-05-23 04:01:18","2011-05-23 04:01:18",1306123277
"bluth_co","bluth_co","store",21598,608405643,608405643,666565225,1306123278,29172,1306058493,"euclid-hit-collector-archives-hits/bluth_co/0012cfa4e2aa/2011/05/22/store_20110522_0000_0030_hit_archive_1306058492.json.gz",1,"2011-05-23 04:01:18","2011-05-23 04:01:18",1306123277
"seburo","seburo","store",21609,233007276,233007276,963219281,1306123278,56563,1306058496,"euclid-hit-collector-archives-hits/seburo/0012cfa46fc3/2011/05/22/store_20110522_0000_0030_hit_archive_1306058496.json.gz",1,"2011-05-23 04:01:18","2011-05-23 04:01:18",1306123277
"amertek","amertek","store2_store",21589,282818199,282818199,307489707,1306114321,0,1306058493,"euclid-hit-collector-archives-hits/amertek/0012cfa4e03a/2011/05/22/store2_store_20110522_0230_0300_hit_archive_1306058489.json.gz",1,"2011-05-23 04:01:18","2011-05-23 04:01:18",1306123277
"scott","scott","home",21606,242462757,242462757,864475662,1306123278,79819,1306058495,"euclid-hit-collector-archives-hits/scott/0012cfa4e41c/2011/05/22/home_20110522_0000_0030_hit_archive_1306058494.json.gz",1,"2011-05-23 04:01:18","2011-05-23 04:01:18",1306123277
"dunder_mifflin","dunder_mifflin","kiosk",21602,483634850,483634850,747636774,1306095374,0,0,"na",0,"2011-05-23 04:01:18","2011-05-23 04:01:18",1306123277
"telstar","telstar","office",21583,273013281,273013281,77003772,1306123272,64908,1306058487,"euclid-hit-collector-archives-hits/telstar/0012cfa4a308/2011/05/22/office_20110522_0000_0030_hit_archive_1306058487.json.gz",1,"2011-05-23 04:01:18","2011-05-23 04:01:18",1306123277
"stark","stark_industries","stark-palo_alto_core",21593,750070513,584828890,562584705,1306123272,23176,1306058490,"euclid-hit-collector-archives-hits/stark_industries/d85d4ca47f65/2011/05/22/stark-palo_alto_core_20110522_0000_0030_hit_archive_1306058490.json.gz",1,"2011-05-23 04:01:18","2011-05-23 04:01:18",1306123277
"seburo","seburo","store",21578,233007276,233007276,963219281,1306119671,70237,1306058496,"euclid-hit-collector-archives-hits/seburo/0012cfa46fc3/2011/05/22/store_20110522_0000_0030_hit_archive_1306058496.json.gz",1,"2011-05-23 03:01:16","2011-05-23 03:01:16",1306119675
"amertek","amertek","store2_store",21558,282818199,282818199,307489707,1306114321,0,1306058493,"euclid-hit-collector-archives-hits/amertek/0012cfa4e03a/2011/05/22/store2_store_20110522_0230_0300_hit_archive_1306058489.json.gz",1,"2011-05-23 03:01:16","2011-05-23 03:01:16",1306119675
"scott","scott","home",21575,242462757,242462757,864475662,1306119671,83057,1306058495,"euclid-hit-collector-archives-hits/scott/0012cfa4e41c/2011/05/22/home_20110522_0000_0030_hit_archive_1306058494.json.gz",1,"2011-05-23 03:01:16","2011-05-23 03:01:16",1306119675
"dunder_mifflin","dunder_mifflin","kiosk",21571,483634850,483634850,747636774,1306095374,0,0,"na",0,"2011-05-23 03:01:16","2011-05-23 03:01:16",1306119675
"telstar","telstar","office",21552,273013281,273013281,77003772,1306119671,85964,1306058487,"euclid-hit-collector-archives-hits/telstar/0012cfa4a308/2011/05/22/office_20110522_0000_0030_hit_archive_1306058487.json.gz",1,"2011-05-23 03:01:15","2011-05-23 03:01:15",1306119675
"stark","stark_industries","stark-palo_alto_core",21562,750070513,584828890,562584705,1306119671,26335,1306058490,"euclid-hit-collector-archives-hits/stark_industries/d85d4ca47f65/2011/05/22/stark-palo_alto_core_20110522_0000_0030_hit_archive_1306058490.json.gz",1,"2011-05-23 03:01:16","2011-05-23 03:01:16",1306119675
"tyrell_corp","tyrell_corp","store",21580,287389215,287389215,1026883774,0,0,0,"na",0,"2011-05-23 03:01:16","2011-05-23 03:01:16",1306119675
"stark","stark_industries","stark-sf_second_floor",21569,750070513,584828890,709127051,1306119666,15798,1306058492,"euclid-hit-collector-archives-hits/stark_industries/d85d4ca4820c/2011/05/22/stark-sf_second_floor_20110522_0000_0030_hit_archive_1306058492.json.gz",1,"2011-05-23 03:01:16","2011-05-23 03:01:16",1306119675
"east_india_co","east_india_co","lab",21559,871229211,871229211,361722257,0,0,0,"na",0,"2011-05-23 03:01:16","2011-05-23 03:01:16",1306119675
"euclid_dev","harrison_metal","proto_1",21555,35068142,509866921,213796371,0,0,0,"na",0,"2011-05-23 03:01:15","2011-05-23 03:01:15",1306119675
"kwik_e_mart","kwik_e_mart","point_of_sale",21554,634519361,634519361,113389711,1306119671,161552,1306058490,"euclid-hit-collector-archives-hits/kwik_e_mart/940c6dc0ad44/2011/05/22/point_of_sale_20110522_0000_0030_hit_archive_1306058489.json.gz",1,"2011-05-23 03:01:15","2011-05-23 03:01:15",1306119675
"acme","acme","acme-yoyodyne",21557,540414742,540414742,289836770,1306119671,57554,1306058491,"euclid-hit-collector-archives-hits/acme/0012cfa469b6/2011/05/22/acme-yoyodyne_20110522_0000_0030_hit_archive_1306058490.json.gz",1,"2011-05-23 03:01:16","2011-05-23 03:01:16",1306119675
"stark","stark_industries","stark-yoyodyne_gourmet",21566,750070513,584828890,627202110,1306119666,20424,1306058492,"euclid-hit-collector-archives-hits/stark_industries/d85d4ca47a17/2011/05/22/stark-yoyodyne_gourmet_20110522_0000_0030_hit_archive_1306058492.json.gz",1,"2011-05-23 03:01:16","2011-05-23 03:01:16",1306119675
"yoyodyne","yoyodyne","pinkberry_kiosk",21577,497772730,497772730,936350484,1306119676,232731,1306058496,"euclid-hit-collector-archives-hits/yoyodyne/d85d4ca47c6d/2011/05/22/pinkberry_kiosk_20110522_0000_0030_hit_archive_1306058495.json.gz",1,"2011-05-23 03:01:16","2011-05-23 03:01:16",1306119675
"amertek","amertek","store1_store",21564,282818199,282818199,599519544,1306119639,661,0,"na",0,"2011-05-23 03:01:16","2011-05-23 03:01:16",1306119675
"acme","acme","acme-palo_alto",21574,540414742,540414742,854262013,1306119671,19959,1306058495,"euclid-hit-collector-archives-hits/acme/0012cfa4694c/2011/05/22/acme-palo_alto_20110522_0000_0030_hit_archive_1306058495.json.gz",1,"2011-05-23 03:01:16","2011-05-23 03:01:16",1306119675
"stark","stark_industries","stark-yoyodyne_tabletop",21561,750070513,584828890,562522538,1306119666,18593,1306058490,"euclid-hit-collector-archives-hits/stark_industries/d85d4ca47884/2011/05/22/stark-yoyodyne_tabletop_20110522_0000_0030_hit_archive_1306058490.json.gz",1,"2011-05-23 03:01:16","2011-05-23 03:01:16",1306119675
"stark","stark_industries","stark-sf_stark2_first_floor",21582,750070513,584828890,1063375177,1306119660,7881,0,"na",0,"2011-05-23 03:01:17","2011-05-23 03:01:17",1306119675
"stark","stark_industries","stark-diablo_patio",21568,750070513,584828890,707696713,1306119670,21103,1306058492,"euclid-hit-collector-archives-hits/stark_industries/d85d4ca47cac/2011/05/22/stark-diablo_patio_20110522_0000_0030_hit_archive_1306058492.json.gz",1,"2011-05-23 03:01:16","2011-05-23 03:01:16",1306119675
"yoyodyne","yoyodyne","main_st_lightpost_1_west",21579,497772730,497772730,997624916,0,0,0,"na",0,"2011-05-23 03:01:16","2011-05-23 03:01:16",1306119675
"halo_corp","halo_corp","lab",21556,570488950,570488950,224943336,0,0,0,"na",0,"2011-05-23 03:01:15","2011-05-23 03:01:15",1306119675
"amertek","amertek","store3_store",21576,282818199,282818199,874831901,1306119666,5030,0,"na",0,"2011-05-23 03:01:16","2011-05-23 03:01:16",1306119675
"neiman_marcus","neiman_marcus","accton",21565,523231259,523231259,609147324,0,0,0,"na",0,"2011-05-23 03:01:16","2011-05-23 03:01:16",1306119675
"yoyodyne","yoyodyne","lab_kiosk",21572,497772730,497772730,766354529,1306119671,279879,1306058493,"euclid-hit-collector-archives-hits/yoyodyne/d85d4ca476af/2011/05/22/lab_kiosk_20110522_0000_0030_hit_archive_1306058493.json.gz",1,"2011-05-23 03:01:16","2011-05-23 03:01:16",1306119675
"stark","stark_industries","stark-sf_first_floor",21563,750070513,584828890,567029483,1306119668,48336,1306058491,"euclid-hit-collector-archives-hits/stark_industries/d85d4ca47e19/2011/05/22/stark-sf_first_floor_20110522_0000_0030_hit_archive_1306058491.json.gz",1,"2011-05-23 03:01:16","2011-05-23 03:01:16",1306119675
"yoyodyne","yoyodyne","main_st_lightpost_1_east",21553,497772730,497772730,107985819,0,0,0,"na",0,"2011-05-23 03:01:15","2011-05-23 03:01:15",1306119675
"euclid_dev","harrison_metal","conference_room",21573,35068142,509866921,849978914,1306119671,177246,1306058494,"euclid-hit-collector-archives-hits/harrison_metal/940c6dbc018a/2011/05/22/conference_room_20110522_0000_0030_hit_archive_1306058494.json.gz",1,"2011-05-23 03:01:16","2011-05-23 03:01:16",1306119675
"ryan","ryan","home",21581,767488622,767488622,1035953223,1306119676,76059,1306058496,"euclid-hit-collector-archives-hits/ryan/0012cfa45209/2011/05/22/home_20110522_0000_0030_hit_archive_1306058495.json.gz",1,"2011-05-23 03:01:16","2011-05-23 03:01:16",1306119675
"stark","stark_industries","stark-sf_stark2_second_floor",21570,750070513,584828890,745764876,1306119667,25490,1306058492,"euclid-hit-collector-archives-hits/stark_industries/d85d4ca48200/2011/05/22/stark-sf_stark2_second_floor_20110522_0000_0030_hit_archive_1306058492.json.gz",1,"2011-05-23 03:01:16","2011-05-23 03:01:16",1306119675
"acme","acme","acme-sf",21560,540414742,540414742,464475916,1306119671,94424,1306058494,"euclid-hit-collector-archives-hits/acme/0012cfa46906/2011/05/22/acme-sf_20110522_0000_0030_hit_archive_1306058490.json.gz",1,"2011-05-23 03:01:16","2011-05-23 03:01:16",1306119675
"bluth_co","bluth_co","store",21567,608405643,608405643,666565225,1306119671,27793,1306058493,"euclid-hit-collector-archives-hits/bluth_co/0012cfa4e2aa/2011/05/22/store_20110522_0000_0030_hit_archive_1306058492.json.gz",1,"2011-05-23 03:01:16","2011-05-23 03:01:16",1306119675
"yoyodyne","yoyodyne","lab_kiosk",21541,497772730,497772730,766354529,1306116072,286240,1306058493,"euclid-hit-collector-archives-hits/yoyodyne/d85d4ca476af/2011/05/22/lab_kiosk_20110522_0000_0030_hit_archive_1306058493.json.gz",1,"2011-05-23 02:01:16","2011-05-23 02:01:16",1306116076
"stark","stark_industries","stark-sf_first_floor",21532,750070513,584828890,567029483,1306116072,54869,1306058491,"euclid-hit-collector-archives-hits/stark_industries/d85d4ca47e19/2011/05/22/stark-sf_first_floor_20110522_0000_0030_hit_archive_1306058491.json.gz",1,"2011-05-23 02:01:16","2011-05-23 02:01:16",1306116076
"yoyodyne","yoyodyne","main_st_lightpost_1_east",21522,497772730,497772730,107985819,0,0,0,"na",0,"2011-05-23 02:01:16","2011-05-23 02:01:16",1306116076
"euclid_dev","harrison_metal","conference_room",21542,35068142,509866921,849978914,1306116072,174842,1306058494,"euclid-hit-collector-archives-hits/harrison_metal/940c6dbc018a/2011/05/22/conference_room_20110522_0000_0030_hit_archive_1306058494.json.gz",1,"2011-05-23 02:01:16","2011-05-23 02:01:16",1306116076
"ryan","ryan","home",21550,767488622,767488622,1035953223,1306116072,69559,1306058496,"euclid-hit-collector-archives-hits/ryan/0012cfa45209/2011/05/22/home_20110522_0000_0030_hit_archive_1306058495.json.gz",1,"2011-05-23 02:01:17","2011-05-23 02:01:17",1306116076
"stark","stark_industries","stark-sf_stark2_second_floor",21539,750070513,584828890,745764876,1306116072,25060,1306058492,"euclid-hit-collector-archives-hits/stark_industries/d85d4ca48200/2011/05/22/stark-sf_stark2_second_floor_20110522_0000_0030_hit_archive_1306058492.json.gz",1,"2011-05-23 02:01:16","2011-05-23 02:01:16",1306116076
"acme","acme","acme-sf",21529,540414742,540414742,464475916,1306116072,99203,1306058494,"euclid-hit-collector-archives-hits/acme/0012cfa46906/2011/05/22/acme-sf_20110522_0000_0030_hit_archive_1306058490.json.gz",1,"2011-05-23 02:01:16","2011-05-23 02:01:16",1306116076
"bluth_co","bluth_co","store",21536,608405643,608405643,666565225,1306116067,25314,1306058493,"euclid-hit-collector-archives-hits/bluth_co/0012cfa4e2aa/2011/05/22/store_20110522_0000_0030_hit_archive_1306058492.json.gz",1,"2011-05-23 02:01:16","2011-05-23 02:01:16",1306116076
"seburo","seburo","store",21547,233007276,233007276,963219281,1306116072,68003,1306058496,"euclid-hit-collector-archives-hits/seburo/0012cfa46fc3/2011/05/22/store_20110522_0000_0030_hit_archive_1306058496.json.gz",1,"2011-05-23 02:01:17","2011-05-23 02:01:17",1306116076
"amertek","amertek","store2_store",21527,282818199,282818199,307489707,1306114321,4803,1306058493,"euclid-hit-collector-archives-hits/amertek/0012cfa4e03a/2011/05/22/store2_store_20110522_0230_0300_hit_archive_1306058489.json.gz",1,"2011-05-23 02:01:16","2011-05-23 02:01:16",1306116076
"scott","scott","home",21544,242462757,242462757,864475662,1306116072,77082,1306058495,"euclid-hit-collector-archives-hits/scott/0012cfa4e41c/2011/05/22/home_20110522_0000_0030_hit_archive_1306058494.json.gz",1,"2011-05-23 02:01:17","2011-05-23 02:01:17",1306116076
"dunder_mifflin","dunder_mifflin","kiosk",21540,483634850,483634850,747636774,1306095374,0,0,"na",0,"2011-05-23 02:01:16","2011-05-23 02:01:16",1306116076
"telstar","telstar","office",21521,273013281,273013281,77003772,1306116072,86426,1306058487,"euclid-hit-collector-archives-hits/telstar/0012cfa4a308/2011/05/22/office_20110522_0000_0030_hit_archive_1306058487.json.gz",1,"2011-05-23 02:01:16","2011-05-23 02:01:16",1306116076
"stark","stark_industries","stark-palo_alto_core",21531,750070513,584828890,562584705,1306116072,21447,1306058490,"euclid-hit-collector-archives-hits/stark_industries/d85d4ca47f65/2011/05/22/stark-palo_alto_core_20110522_0000_0030_hit_archive_1306058490.json.gz",1,"2011-05-23 02:01:16","2011-05-23 02:01:16",1306116076
"tyrell_corp","tyrell_corp","store",21549,287389215,287389215,1026883774,0,0,0,"na",0,"2011-05-23 02:01:17","2011-05-23 02:01:17",1306116076
"stark","stark_industries","stark-sf_second_floor",21538,750070513,584828890,709127051,1306116067,17347,1306058492,"euclid-hit-collector-archives-hits/stark_industries/d85d4ca4820c/2011/05/22/stark-sf_second_floor_20110522_0000_0030_hit_archive_1306058492.json.gz",1,"2011-05-23 02:01:16","2011-05-23 02:01:16",1306116076
"east_india_co","east_india_co","lab",21528,871229211,871229211,361722257,0,0,0,"na",0,"2011-05-23 02:01:16","2011-05-23 02:01:16",1306116076
"euclid_dev","harrison_metal","proto_1",21524,35068142,509866921,213796371,0,0,0,"na",0,"2011-05-23 02:01:16","2011-05-23 02:01:16",1306116076
"kwik_e_mart","kwik_e_mart","point_of_sale",21523,634519361,634519361,113389711,1306116072,136192,1306058490,"euclid-hit-collector-archives-hits/kwik_e_mart/940c6dc0ad44/2011/05/22/point_of_sale_20110522_0000_0030_hit_archive_1306058489.json.gz",1,"2011-05-23 02:01:16","2011-05-23 02:01:16",1306116076
"acme","acme","acme-yoyodyne",21526,540414742,540414742,289836770,1306116072,60085,1306058491,"euclid-hit-collector-archives-hits/acme/0012cfa469b6/2011/05/22/acme-yoyodyne_20110522_0000_0030_hit_archive_1306058490.json.gz",1,"2011-05-23 02:01:16","2011-05-23 02:01:16",1306116076
"stark","stark_industries","stark-yoyodyne_gourmet",21535,750070513,584828890,627202110,1306116067,23270,1306058492,"euclid-hit-collector-archives-hits/stark_industries/d85d4ca47a17/2011/05/22/stark-yoyodyne_gourmet_20110522_0000_0030_hit_archive_1306058492.json.gz",1,"2011-05-23 02:01:16","2011-05-23 02:01:16",1306116076
"yoyodyne","yoyodyne","pinkberry_kiosk",21546,497772730,497772730,936350484,1306116072,244456,1306058496,"euclid-hit-collector-archives-hits/yoyodyne/d85d4ca47c6d/2011/05/22/pinkberry_kiosk_20110522_0000_0030_hit_archive_1306058495.json.gz",1,"2011-05-23 02:01:17","2011-05-23 02:01:17",1306116076
"amertek","amertek","store1_store",21533,282818199,282818199,599519544,1306115960,358,0,"na",0,"2011-05-23 02:01:16","2011-05-23 02:01:16",1306116076
"acme","acme","acme-palo_alto",21543,540414742,540414742,854262013,1306116072,20135,1306058495,"euclid-hit-collector-archives-hits/acme/0012cfa4694c/2011/05/22/acme-palo_alto_20110522_0000_0030_hit_archive_1306058495.json.gz",1,"2011-05-23 02:01:16","2011-05-23 02:01:16",1306116076
"stark","stark_industries","stark-yoyodyne_tabletop",21530,750070513,584828890,562522538,1306116072,22186,1306058490,"euclid-hit-collector-archives-hits/stark_industries/d85d4ca47884/2011/05/22/stark-yoyodyne_tabletop_20110522_0000_0030_hit_archive_1306058490.json.gz",1,"2011-05-23 02:01:16","2011-05-23 02:01:16",1306116076
"stark","stark_industries","stark-sf_stark2_first_floor",21551,750070513,584828890,1063375177,1306116067,8249,0,"na",0,"2011-05-23 02:01:17","2011-05-23 02:01:17",1306116076
"stark","stark_industries","stark-diablo_patio",21537,750070513,584828890,707696713,1306116072,21107,1306058492,"euclid-hit-collector-archives-hits/stark_industries/d85d4ca47cac/2011/05/22/stark-diablo_patio_20110522_0000_0030_hit_archive_1306058492.json.gz",1,"2011-05-23 02:01:16","2011-05-23 02:01:16",1306116076
"yoyodyne","yoyodyne","main_st_lightpost_1_west",21548,497772730,497772730,997624916,0,0,0,"na",0,"2011-05-23 02:01:17","2011-05-23 02:01:17",1306116076
"halo_corp","halo_corp","lab",21525,570488950,570488950,224943336,0,0,0,"na",0,"2011-05-23 02:01:16","2011-05-23 02:01:16",1306116076
"amertek","amertek","store3_store",21545,282818199,282818199,874831901,1306116061,4444,0,"na",0,"2011-05-23 02:01:17","2011-05-23 02:01:17",1306116076
"neiman_marcus","neiman_marcus","accton",21534,523231259,523231259,609147324,0,0,0,"na",0,"2011-05-23 02:01:16","2011-05-23 02:01:16",1306116076
"stark","stark_industries","stark-yoyodyne_tabletop",21499,750070513,584828890,562522538,1306112478,37032,1306058490,"euclid-hit-collector-archives-hits/stark_industries/d85d4ca47884/2011/05/22/stark-yoyodyne_tabletop_20110522_0000_0030_hit_archive_1306058490.json.gz",1,"2011-05-23 01:01:25","2011-05-23 01:01:25",1306112485
"stark","stark_industries","stark-sf_stark2_first_floor",21520,750070513,584828890,1063375177,1306112473,13786,0,"na",0,"2011-05-23 01:01:25","2011-05-23 01:01:25",1306112485
"stark","stark_industries","stark-diablo_patio",21506,750070513,584828890,707696713,1306112483,22613,1306058492,"euclid-hit-collector-archives-hits/stark_industries/d85d4ca47cac/2011/05/22/stark-diablo_patio_20110522_0000_0030_hit_archive_1306058492.json.gz",1,"2011-05-23 01:01:25","2011-05-23 01:01:25",1306112485
"yoyodyne","yoyodyne","main_st_lightpost_1_west",21517,497772730,497772730,997624916,0,0,0,"na",0,"2011-05-23 01:01:25","2011-05-23 01:01:25",1306112485
"halo_corp","halo_corp","lab",21494,570488950,570488950,224943336,0,0,0,"na",0,"2011-05-23 01:01:25","2011-05-23 01:01:25",1306112485
"amertek","amertek","store3_store",21514,282818199,282818199,874831901,1306112461,5331,0,"na",0,"2011-05-23 01:01:25","2011-05-23 01:01:25",1306112485
"neiman_marcus","neiman_marcus","accton",21503,523231259,523231259,609147324,0,0,0,"na",0,"2011-05-23 01:01:25","2011-05-23 01:01:25",1306112485
"yoyodyne","yoyodyne","lab_kiosk",21510,497772730,497772730,766354529,1306112483,277323,1306058493,"euclid-hit-collector-archives-hits/yoyodyne/d85d4ca476af/2011/05/22/lab_kiosk_20110522_0000_0030_hit_archive_1306058493.json.gz",1,"2011-05-23 01:01:25","2011-05-23 01:01:25",1306112485
"stark","stark_industries","stark-sf_first_floor",21501,750070513,584828890,567029483,1306112483,46832,1306058491,"euclid-hit-collector-archives-hits/stark_industries/d85d4ca47e19/2011/05/22/stark-sf_first_floor_20110522_0000_0030_hit_archive_1306058491.json.gz",1,"2011-05-23 01:01:25","2011-05-23 01:01:25",1306112485
"yoyodyne","yoyodyne","main_st_lightpost_1_east",21491,497772730,497772730,107985819,0,0,0,"na",0,"2011-05-23 01:01:25","2011-05-23 01:01:25",1306112485
"euclid_dev","harrison_metal","conference_room",21511,35068142,509866921,849978914,1306112483,173575,1306058494,"euclid-hit-collector-archives-hits/harrison_metal/940c6dbc018a/2011/05/22/conference_room_20110522_0000_0030_hit_archive_1306058494.json.gz",1,"2011-05-23 01:01:25","2011-05-23 01:01:25",1306112485
"ryan","ryan","home",21519,767488622,767488622,1035953223,1306112483,76859,1306058496,"euclid-hit-collector-archives-hits/ryan/0012cfa45209/2011/05/22/home_20110522_0000_0030_hit_archive_1306058495.json.gz",1,"2011-05-23 01:01:25","2011-05-23 01:01:25",1306112485
"stark","stark_industries","stark-sf_stark2_second_floor",21508,750070513,584828890,745764876,1306112478,23550,1306058492,"euclid-hit-collector-archives-hits/stark_industries/d85d4ca48200/2011/05/22/stark-sf_stark2_second_floor_20110522_0000_0030_hit_archive_1306058492.json.gz",1,"2011-05-23 01:01:25","2011-05-23 01:01:25",1306112485
"acme","acme","acme-sf",21498,540414742,540414742,464475916,1306112483,102113,1306058494,"euclid-hit-collector-archives-hits/acme/0012cfa46906/2011/05/22/acme-sf_20110522_0000_0030_hit_archive_1306058490.json.gz",1,"2011-05-23 01:01:25","2011-05-23 01:01:25",1306112485
"bluth_co","bluth_co","store",21505,608405643,608405643,666565225,1306112478,23436,1306058493,"euclid-hit-collector-archives-hits/bluth_co/0012cfa4e2aa/2011/05/22/store_20110522_0000_0030_hit_archive_1306058492.json.gz",1,"2011-05-23 01:01:25","2011-05-23 01:01:25",1306112485
"seburo","seburo","store",21516,233007276,233007276,963219281,1306112483,70984,1306058496,"euclid-hit-collector-archives-hits/seburo/0012cfa46fc3/2011/05/22/store_20110522_0000_0030_hit_archive_1306058496.json.gz",1,"2011-05-23 01:01:25","2011-05-23 01:01:25",1306112485
"amertek","amertek","store2_store",21496,282818199,282818199,307489707,1306112483,8987,1306058493,"euclid-hit-collector-archives-hits/amertek/0012cfa4e03a/2011/05/22/store2_store_20110522_0230_0300_hit_archive_1306058489.json.gz",1,"2011-05-23 01:01:25","2011-05-23 01:01:25",1306112485
"scott","scott","home",21513,242462757,242462757,864475662,1306112483,81915,1306058495,"euclid-hit-collector-archives-hits/scott/0012cfa4e41c/2011/05/22/home_20110522_0000_0030_hit_archive_1306058494.json.gz",1,"2011-05-23 01:01:25","2011-05-23 01:01:25",1306112485
"dunder_mifflin","dunder_mifflin","kiosk",21509,483634850,483634850,747636774,1306095374,0,0,"na",0,"2011-05-23 01:01:25","2011-05-23 01:01:25",1306112485
"telstar","telstar","office",21490,273013281,273013281,77003772,1306112483,90603,1306058487,"euclid-hit-collector-archives-hits/telstar/0012cfa4a308/2011/05/22/office_20110522_0000_0030_hit_archive_1306058487.json.gz",1,"2011-05-23 01:01:25","2011-05-23 01:01:25",1306112485
"stark","stark_industries","stark-palo_alto_core",21500,750070513,584828890,562584705,1306112478,23391,1306058490,"euclid-hit-collector-archives-hits/stark_industries/d85d4ca47f65/2011/05/22/stark-palo_alto_core_20110522_0000_0030_hit_archive_1306058490.json.gz",1,"2011-05-23 01:01:25","2011-05-23 01:01:25",1306112485
"tyrell_corp","tyrell_corp","store",21518,287389215,287389215,1026883774,0,0,0,"na",0,"2011-05-23 01:01:25","2011-05-23 01:01:25",1306112485
"stark","stark_industries","stark-sf_second_floor",21507,750070513,584828890,709127051,1306112476,17998,1306058492,"euclid-hit-collector-archives-hits/stark_industries/d85d4ca4820c/2011/05/22/stark-sf_second_floor_20110522_0000_0030_hit_archive_1306058492.json.gz",1,"2011-05-23 01:01:25","2011-05-23 01:01:25",1306112485
"east_india_co","east_india_co","lab",21497,871229211,871229211,361722257,0,0,0,"na",0,"2011-05-23 01:01:25","2011-05-23 01:01:25",1306112485
"euclid_dev","harrison_metal","proto_1",21493,35068142,509866921,213796371,0,0,0,"na",0,"2011-05-23 01:01:25","2011-05-23 01:01:25",1306112485
"kwik_e_mart","kwik_e_mart","point_of_sale",21492,634519361,634519361,113389711,1306112483,145776,1306058490,"euclid-hit-collector-archives-hits/kwik_e_mart/940c6dc0ad44/2011/05/22/point_of_sale_20110522_0000_0030_hit_archive_1306058489.json.gz",1,"2011-05-23 01:01:25","2011-05-23 01:01:25",1306112485
"acme","acme","acme-yoyodyne",21495,540414742,540414742,289836770,1306112483,59572,1306058491,"euclid-hit-collector-archives-hits/acme/0012cfa469b6/2011/05/22/acme-yoyodyne_20110522_0000_0030_hit_archive_1306058490.json.gz",1,"2011-05-23 01:01:25","2011-05-23 01:01:25",1306112485
"stark","stark_industries","stark-yoyodyne_gourmet",21504,750070513,584828890,627202110,1306112483,35021,1306058492,"euclid-hit-collector-archives-hits/stark_industries/d85d4ca47a17/2011/05/22/stark-yoyodyne_gourmet_20110522_0000_0030_hit_archive_1306058492.json.gz",1,"2011-05-23 01:01:25","2011-05-23 01:01:25",1306112485
"yoyodyne","yoyodyne","pinkberry_kiosk",21515,497772730,497772730,936350484,1306112483,224555,1306058496,"euclid-hit-collector-archives-hits/yoyodyne/d85d4ca47c6d/2011/05/22/pinkberry_kiosk_20110522_0000_0030_hit_archive_1306058495.json.gz",1,"2011-05-23 01:01:25","2011-05-23 01:01:25",1306112485
"amertek","amertek","store1_store",21502,282818199,282818199,599519544,1306111840,493,0,"na",0,"2011-05-23 01:01:25","2011-05-23 01:01:25",1306112485
"acme","acme","acme-palo_alto",21512,540414742,540414742,854262013,1306112477,23501,1306058495,"euclid-hit-collector-archives-hits/acme/0012cfa4694c/2011/05/22/acme-palo_alto_20110522_0000_0030_hit_archive_1306058495.json.gz",1,"2011-05-23 01:01:25","2011-05-23 01:01:25",1306112485
"tyrell_corp","tyrell_corp","store",21487,287389215,287389215,1026883774,0,0,0,"na",0,"2011-05-23 00:01:14","2011-05-23 00:01:14",1306108873
"stark","stark_industries","stark-sf_second_floor",21476,750070513,584828890,709127051,1306108868,22789,1306058492,"euclid-hit-collector-archives-hits/stark_industries/d85d4ca4820c/2011/05/22/stark-sf_second_floor_20110522_0000_0030_hit_archive_1306058492.json.gz",1,"2011-05-23 00:01:14","2011-05-23 00:01:14",1306108873
"east_india_co","east_india_co","lab",21466,871229211,871229211,361722257,0,0,0,"na",0,"2011-05-23 00:01:14","2011-05-23 00:01:14",1306108873
"euclid_dev","harrison_metal","proto_1",21462,35068142,509866921,213796371,0,0,0,"na",0,"2011-05-23 00:01:13","2011-05-23 00:01:13",1306108873
"kwik_e_mart","kwik_e_mart","point_of_sale",21461,634519361,634519361,113389711,1306108873,140169,1306058490,"euclid-hit-collector-archives-hits/kwik_e_mart/940c6dc0ad44/2011/05/22/point_of_sale_20110522_0000_0030_hit_archive_1306058489.json.gz",1,"2011-05-23 00:01:13","2011-05-23 00:01:13",1306108873
"acme","acme","acme-yoyodyne",21464,540414742,540414742,289836770,1306108873,73332,1306058491,"euclid-hit-collector-archives-hits/acme/0012cfa469b6/2011/05/22/acme-yoyodyne_20110522_0000_0030_hit_archive_1306058490.json.gz",1,"2011-05-23 00:01:13","2011-05-23 00:01:13",1306108873
"stark","stark_industries","stark-yoyodyne_gourmet",21473,750070513,584828890,627202110,1306108868,37062,1306058492,"euclid-hit-collector-archives-hits/stark_industries/d85d4ca47a17/2011/05/22/stark-yoyodyne_gourmet_20110522_0000_0030_hit_archive_1306058492.json.gz",1,"2011-05-23 00:01:14","2011-05-23 00:01:14",1306108873
"yoyodyne","yoyodyne","pinkberry_kiosk",21484,497772730,497772730,936350484,1306108873,251253,1306058496,"euclid-hit-collector-archives-hits/yoyodyne/d85d4ca47c6d/2011/05/22/pinkberry_kiosk_20110522_0000_0030_hit_archive_1306058495.json.gz",1,"2011-05-23 00:01:14","2011-05-23 00:01:14",1306108873
"amertek","amertek","store1_store",21471,282818199,282818199,599519544,1306108523,483,0,"na",0,"2011-05-23 00:01:14","2011-05-23 00:01:14",1306108873
"acme","acme","acme-palo_alto",21481,540414742,540414742,854262013,1306108873,29626,1306058495,"euclid-hit-collector-archives-hits/acme/0012cfa4694c/2011/05/22/acme-palo_alto_20110522_0000_0030_hit_archive_1306058495.json.gz",1,"2011-05-23 00:01:14","2011-05-23 00:01:14",1306108873
"stark","stark_industries","stark-yoyodyne_tabletop",21468,750070513,584828890,562522538,1306108868,41333,1306058490,"euclid-hit-collector-archives-hits/stark_industries/d85d4ca47884/2011/05/22/stark-yoyodyne_tabletop_20110522_0000_0030_hit_archive_1306058490.json.gz",1,"2011-05-23 00:01:14","2011-05-23 00:01:14",1306108873
"stark","stark_industries","stark-sf_stark2_first_floor",21489,750070513,584828890,1063375177,1306108873,13803,0,"na",0,"2011-05-23 00:01:14","2011-05-23 00:01:14",1306108873
"stark","stark_industries","stark-diablo_patio",21475,750070513,584828890,707696713,1306108873,25088,1306058492,"euclid-hit-collector-archives-hits/stark_industries/d85d4ca47cac/2011/05/22/stark-diablo_patio_20110522_0000_0030_hit_archive_1306058492.json.gz",1,"2011-05-23 00:01:14","2011-05-23 00:01:14",1306108873
"yoyodyne","yoyodyne","main_st_lightpost_1_west",21486,497772730,497772730,997624916,0,0,0,"na",0,"2011-05-23 00:01:14","2011-05-23 00:01:14",1306108873
"halo_corp","halo_corp","lab",21463,570488950,570488950,224943336,0,0,0,"na",0,"2011-05-23 00:01:13","2011-05-23 00:01:13",1306108873
"amertek","amertek","store3_store",21483,282818199,282818199,874831901,1306108873,5561,0,"na",0,"2011-05-23 00:01:14","2011-05-23 00:01:14",1306108873
"neiman_marcus","neiman_marcus","accton",21472,523231259,523231259,609147324,0,0,0,"na",0,"2011-05-23 00:01:14","2011-05-23 00:01:14",1306108873
"stark","stark_industries","stark-sf_first_floor",21470,750070513,584828890,567029483,1306108873,67305,1306058491,"euclid-hit-collector-archives-hits/stark_industries/d85d4ca47e19/2011/05/22/stark-sf_first_floor_20110522_0000_0030_hit_archive_1306058491.json.gz",1,"2011-05-23 00:01:14","2011-05-23 00:01:14",1306108873
"yoyodyne","yoyodyne","lab_kiosk",21479,497772730,497772730,766354529,1306108873,277889,1306058493,"euclid-hit-collector-archives-hits/yoyodyne/d85d4ca476af/2011/05/22/lab_kiosk_20110522_0000_0030_hit_archive_1306058493.json.gz",1,"2011-05-23 00:01:14","2011-05-23 00:01:14",1306108873
"yoyodyne","yoyodyne","main_st_lightpost_1_east",21460,497772730,497772730,107985819,0,0,0,"na",0,"2011-05-23 00:01:13","2011-05-23 00:01:13",1306108873
"euclid_dev","harrison_metal","conference_room",21480,35068142,509866921,849978914,1306108873,171590,1306058494,"euclid-hit-collector-archives-hits/harrison_metal/940c6dbc018a/2011/05/22/conference_room_20110522_0000_0030_hit_archive_1306058494.json.gz",1,"2011-05-23 00:01:14","2011-05-23 00:01:14",1306108873
"ryan","ryan","home",21488,767488622,767488622,1035953223,1306108873,77528,1306058496,"euclid-hit-collector-archives-hits/ryan/0012cfa45209/2011/05/22/home_20110522_0000_0030_hit_archive_1306058495.json.gz",1,"2011-05-23 00:01:14","2011-05-23 00:01:14",1306108873
"stark","stark_industries","stark-sf_stark2_second_floor",21477,750070513,584828890,745764876,1306108873,22854,1306058492,"euclid-hit-collector-archives-hits/stark_industries/d85d4ca48200/2011/05/22/stark-sf_stark2_second_floor_20110522_0000_0030_hit_archive_1306058492.json.gz",1,"2011-05-23 00:01:14","2011-05-23 00:01:14",1306108873
"acme","acme","acme-sf",21467,540414742,540414742,464475916,1306108873,99553,1306058494,"euclid-hit-collector-archives-hits/acme/0012cfa46906/2011/05/22/acme-sf_20110522_0000_0030_hit_archive_1306058490.json.gz",1,"2011-05-23 00:01:14","2011-05-23 00:01:14",1306108873
"bluth_co","bluth_co","store",21474,608405643,608405643,666565225,1306108873,24688,1306058493,"euclid-hit-collector-archives-hits/bluth_co/0012cfa4e2aa/2011/05/22/store_20110522_0000_0030_hit_archive_1306058492.json.gz",1,"2011-05-23 00:01:14","2011-05-23 00:01:14",1306108873
"seburo","seburo","store",21485,233007276,233007276,963219281,1306108873,70910,1306058496,"euclid-hit-collector-archives-hits/seburo/0012cfa46fc3/2011/05/22/store_20110522_0000_0030_hit_archive_1306058496.json.gz",1,"2011-05-23 00:01:14","2011-05-23 00:01:14",1306108873
"amertek","amertek","store2_store",21465,282818199,282818199,307489707,1306108861,8512,1306058493,"euclid-hit-collector-archives-hits/amertek/0012cfa4e03a/2011/05/22/store2_store_20110522_0230_0300_hit_archive_1306058489.json.gz",1,"2011-05-23 00:01:14","2011-05-23 00:01:14",1306108873
"scott","scott","home",21482,242462757,242462757,864475662,1306108873,63503,1306058495,"euclid-hit-collector-archives-hits/scott/0012cfa4e41c/2011/05/22/home_20110522_0000_0030_hit_archive_1306058494.json.gz",1,"2011-05-23 00:01:14","2011-05-23 00:01:14",1306108873
"dunder_mifflin","dunder_mifflin","kiosk",21478,483634850,483634850,747636774,1306095374,0,0,"na",0,"2011-05-23 00:01:14","2011-05-23 00:01:14",1306108873
"telstar","telstar","office",21459,273013281,273013281,77003772,1306108873,84839,1306058487,"euclid-hit-collector-archives-hits/telstar/0012cfa4a308/2011/05/22/office_20110522_0000_0030_hit_archive_1306058487.json.gz",1,"2011-05-23 00:01:13","2011-05-23 00:01:13",1306108873
"stark","stark_industries","stark-palo_alto_core",21469,750070513,584828890,562584705,1306108873,21328,1306058490,"euclid-hit-collector-archives-hits/stark_industries/d85d4ca47f65/2011/05/22/stark-palo_alto_core_20110522_0000_0030_hit_archive_1306058490.json.gz",1,"2011-05-23 00:01:14","2011-05-23 00:01:14",1306108873
"seburo","seburo","store",21454,233007276,233007276,963219281,1306105276,69690,1306058496,"euclid-hit-collector-archives-hits/seburo/0012cfa46fc3/2011/05/22/store_20110522_0000_0030_hit_archive_1306058496.json.gz",1,"2011-05-22 23:01:16","2011-05-22 23:01:16",1306105276
"amertek","amertek","store2_store",21434,282818199,282818199,307489707,1306105261,8955,1306058493,"euclid-hit-collector-archives-hits/amertek/0012cfa4e03a/2011/05/22/store2_store_20110522_0230_0300_hit_archive_1306058489.json.gz",1,"2011-05-22 23:01:16","2011-05-22 23:01:16",1306105276
"scott","scott","home",21451,242462757,242462757,864475662,1306105274,61389,1306058495,"euclid-hit-collector-archives-hits/scott/0012cfa4e41c/2011/05/22/home_20110522_0000_0030_hit_archive_1306058494.json.gz",1,"2011-05-22 23:01:16","2011-05-22 23:01:16",1306105276
"telstar","telstar","office",21428,273013281,273013281,77003772,1306105272,86670,1306058487,"euclid-hit-collector-archives-hits/telstar/0012cfa4a308/2011/05/22/office_20110522_0000_0030_hit_archive_1306058487.json.gz",1,"2011-05-22 23:01:16","2011-05-22 23:01:16",1306105276
"stark","stark_industries","stark-palo_alto_core",21438,750070513,584828890,562584705,1306105272,19709,1306058490,"euclid-hit-collector-archives-hits/stark_industries/d85d4ca47f65/2011/05/22/stark-palo_alto_core_20110522_0000_0030_hit_archive_1306058490.json.gz",1,"2011-05-22 23:01:16","2011-05-22 23:01:16",1306105276
"dunder_mifflin","dunder_mifflin","kiosk",21447,483634850,483634850,747636774,1306095374,0,0,"na",0,"2011-05-22 23:01:16","2011-05-22 23:01:16",1306105276
"tyrell_corp","tyrell_corp","store",21456,287389215,287389215,1026883774,0,0,0,"na",0,"2011-05-22 23:01:16","2011-05-22 23:01:16",1306105276
"stark","stark_industries","stark-sf_second_floor",21445,750070513,584828890,709127051,1306105272,20637,1306058492,"euclid-hit-collector-archives-hits/stark_industries/d85d4ca4820c/2011/05/22/stark-sf_second_floor_20110522_0000_0030_hit_archive_1306058492.json.gz",1,"2011-05-22 23:01:16","2011-05-22 23:01:16",1306105276
"east_india_co","east_india_co","lab",21435,871229211,871229211,361722257,0,0,0,"na",0,"2011-05-22 23:01:16","2011-05-22 23:01:16",1306105276
"euclid_dev","harrison_metal","proto_1",21431,35068142,509866921,213796371,0,0,0,"na",0,"2011-05-22 23:01:16","2011-05-22 23:01:16",1306105276
"kwik_e_mart","kwik_e_mart","point_of_sale",21430,634519361,634519361,113389711,1306105272,144904,1306058490,"euclid-hit-collector-archives-hits/kwik_e_mart/940c6dc0ad44/2011/05/22/point_of_sale_20110522_0000_0030_hit_archive_1306058489.json.gz",1,"2011-05-22 23:01:16","2011-05-22 23:01:16",1306105276
"acme","acme","acme-yoyodyne",21433,540414742,540414742,289836770,1306105272,54395,1306058491,"euclid-hit-collector-archives-hits/acme/0012cfa469b6/2011/05/22/acme-yoyodyne_20110522_0000_0030_hit_archive_1306058490.json.gz",1,"2011-05-22 23:01:16","2011-05-22 23:01:16",1306105276
"stark","stark_industries","stark-yoyodyne_gourmet",21442,750070513,584828890,627202110,1306105272,36878,1306058492,"euclid-hit-collector-archives-hits/stark_industries/d85d4ca47a17/2011/05/22/stark-yoyodyne_gourmet_20110522_0000_0030_hit_archive_1306058492.json.gz",1,"2011-05-22 23:01:16","2011-05-22 23:01:16",1306105276
"yoyodyne","yoyodyne","pinkberry_kiosk",21453,497772730,497772730,936350484,1306105274,236991,1306058496,"euclid-hit-collector-archives-hits/yoyodyne/d85d4ca47c6d/2011/05/22/pinkberry_kiosk_20110522_0000_0030_hit_archive_1306058495.json.gz",1,"2011-05-22 23:01:16","2011-05-22 23:01:16",1306105276
"amertek","amertek","store1_store",21440,282818199,282818199,599519544,1306105016,549,0,"na",0,"2011-05-22 23:01:16","2011-05-22 23:01:16",1306105276
"acme","acme","acme-palo_alto",21450,540414742,540414742,854262013,1306105272,24198,1306058495,"euclid-hit-collector-archives-hits/acme/0012cfa4694c/2011/05/22/acme-palo_alto_20110522_0000_0030_hit_archive_1306058495.json.gz",1,"2011-05-22 23:01:16","2011-05-22 23:01:16",1306105276
"stark","stark_industries","stark-yoyodyne_tabletop",21437,750070513,584828890,562522538,1306105272,40263,1306058490,"euclid-hit-collector-archives-hits/stark_industries/d85d4ca47884/2011/05/22/stark-yoyodyne_tabletop_20110522_0000_0030_hit_archive_1306058490.json.gz",1,"2011-05-22 23:01:16","2011-05-22 23:01:16",1306105276
"stark","stark_industries","stark-sf_stark2_first_floor",21458,750070513,584828890,1063375177,1306105272,14299,0,"na",0,"2011-05-22 23:01:16","2011-05-22 23:01:16",1306105276
"stark","stark_industries","stark-diablo_patio",21444,750070513,584828890,707696713,1306105272,25531,1306058492,"euclid-hit-collector-archives-hits/stark_industries/d85d4ca47cac/2011/05/22/stark-diablo_patio_20110522_0000_0030_hit_archive_1306058492.json.gz",1,"2011-05-22 23:01:16","2011-05-22 23:01:16",1306105276
"yoyodyne","yoyodyne","main_st_lightpost_1_west",21455,497772730,497772730,997624916,0,0,0,"na",0,"2011-05-22 23:01:16","2011-05-22 23:01:16",1306105276
"halo_corp","halo_corp","lab",21432,570488950,570488950,224943336,0,0,0,"na",0,"2011-05-22 23:01:16","2011-05-22 23:01:16",1306105276
"amertek","amertek","store3_store",21452,282818199,282818199,874831901,1306105181,5312,0,"na",0,"2011-05-22 23:01:16","2011-05-22 23:01:16",1306105276
"neiman_marcus","neiman_marcus","accton",21441,523231259,523231259,609147324,0,0,0,"na",0,"2011-05-22 23:01:16","2011-05-22 23:01:16",1306105276
"stark","stark_industries","stark-sf_first_floor",21439,750070513,584828890,567029483,1306105272,61949,1306058491,"euclid-hit-collector-archives-hits/stark_industries/d85d4ca47e19/2011/05/22/stark-sf_first_floor_20110522_0000_0030_hit_archive_1306058491.json.gz",1,"2011-05-22 23:01:16","2011-05-22 23:01:16",1306105276
"yoyodyne","yoyodyne","lab_kiosk",21448,497772730,497772730,766354529,1306105275,274541,1306058493,"euclid-hit-collector-archives-hits/yoyodyne/d85d4ca476af/2011/05/22/lab_kiosk_20110522_0000_0030_hit_archive_1306058493.json.gz",1,"2011-05-22 23:01:16","2011-05-22 23:01:16",1306105276
"yoyodyne","yoyodyne","main_st_lightpost_1_east",21429,497772730,497772730,107985819,0,0,0,"na",0,"2011-05-22 23:01:16","2011-05-22 23:01:16",1306105276
"euclid_dev","harrison_metal","conference_room",21449,35068142,509866921,849978914,1306105274,168215,1306058494,"euclid-hit-collector-archives-hits/harrison_metal/940c6dbc018a/2011/05/22/conference_room_20110522_0000_0030_hit_archive_1306058494.json.gz",1,"2011-05-22 23:01:16","2011-05-22 23:01:16",1306105276
"ryan","ryan","home",21457,767488622,767488622,1035953223,1306105274,77834,1306058496,"euclid-hit-collector-archives-hits/ryan/0012cfa45209/2011/05/22/home_20110522_0000_0030_hit_archive_1306058495.json.gz",1,"2011-05-22 23:01:16","2011-05-22 23:01:16",1306105276
"stark","stark_industries","stark-sf_stark2_second_floor",21446,750070513,584828890,745764876,1306105275,25168,1306058492,"euclid-hit-collector-archives-hits/stark_industries/d85d4ca48200/2011/05/22/stark-sf_stark2_second_floor_20110522_0000_0030_hit_archive_1306058492.json.gz",1,"2011-05-22 23:01:16","2011-05-22 23:01:16",1306105276
"acme","acme","acme-sf",21436,540414742,540414742,464475916,1306105273,86279,1306058494,"euclid-hit-collector-archives-hits/acme/0012cfa46906/2011/05/22/acme-sf_20110522_0000_0030_hit_archive_1306058490.json.gz",1,"2011-05-22 23:01:16","2011-05-22 23:01:16",1306105276
"bluth_co","bluth_co","store",21443,608405643,608405643,666565225,1306105272,26914,1306058493,"euclid-hit-collector-archives-hits/bluth_co/0012cfa4e2aa/2011/05/22/store_20110522_0000_0030_hit_archive_1306058492.json.gz",1,"2011-05-22 23:01:16","2011-05-22 23:01:16",1306105276
"stark","stark_industries","stark-sf_first_floor",21408,750070513,584828890,567029483,1306101671,60403,1306058491,"euclid-hit-collector-archives-hits/stark_industries/d85d4ca47e19/2011/05/22/stark-sf_first_floor_20110522_0000_0030_hit_archive_1306058491.json.gz",1,"2011-05-22 22:01:12","2011-05-22 22:01:12",1306101672
"yoyodyne","yoyodyne","lab_kiosk",21417,497772730,497772730,766354529,1306101671,261017,1306058493,"euclid-hit-collector-archives-hits/yoyodyne/d85d4ca476af/2011/05/22/lab_kiosk_20110522_0000_0030_hit_archive_1306058493.json.gz",1,"2011-05-22 22:01:12","2011-05-22 22:01:12",1306101672
"yoyodyne","yoyodyne","main_st_lightpost_1_east",21398,497772730,497772730,107985819,0,0,0,"na",0,"2011-05-22 22:01:12","2011-05-22 22:01:12",1306101672
"euclid_dev","harrison_metal","conference_room",21418,35068142,509866921,849978914,1306101671,166421,1306058494,"euclid-hit-collector-archives-hits/harrison_metal/940c6dbc018a/2011/05/22/conference_room_20110522_0000_0030_hit_archive_1306058494.json.gz",1,"2011-05-22 22:01:12","2011-05-22 22:01:12",1306101672
"ryan","ryan","home",21426,767488622,767488622,1035953223,1306101671,77357,1306058496,"euclid-hit-collector-archives-hits/ryan/0012cfa45209/2011/05/22/home_20110522_0000_0030_hit_archive_1306058495.json.gz",1,"2011-05-22 22:01:12","2011-05-22 22:01:12",1306101672
"stark","stark_industries","stark-sf_stark2_second_floor",21415,750070513,584828890,745764876,1306101671,27968,1306058492,"euclid-hit-collector-archives-hits/stark_industries/d85d4ca48200/2011/05/22/stark-sf_stark2_second_floor_20110522_0000_0030_hit_archive_1306058492.json.gz",1,"2011-05-22 22:01:12","2011-05-22 22:01:12",1306101672
"acme","acme","acme-sf",21405,540414742,540414742,464475916,1306101671,81245,1306058494,"euclid-hit-collector-archives-hits/acme/0012cfa46906/2011/05/22/acme-sf_20110522_0000_0030_hit_archive_1306058490.json.gz",1,"2011-05-22 22:01:12","2011-05-22 22:01:12",1306101672
"bluth_co","bluth_co","store",21412,608405643,608405643,666565225,1306101671,30162,1306058493,"euclid-hit-collector-archives-hits/bluth_co/0012cfa4e2aa/2011/05/22/store_20110522_0000_0030_hit_archive_1306058492.json.gz",1,"2011-05-22 22:01:12","2011-05-22 22:01:12",1306101672
"seburo","seburo","store",21423,233007276,233007276,963219281,1306101671,71818,1306058496,"euclid-hit-collector-archives-hits/seburo/0012cfa46fc3/2011/05/22/store_20110522_0000_0030_hit_archive_1306058496.json.gz",1,"2011-05-22 22:01:12","2011-05-22 22:01:12",1306101672
"amertek","amertek","store2_store",21403,282818199,282818199,307489707,1306101655,8733,1306058493,"euclid-hit-collector-archives-hits/amertek/0012cfa4e03a/2011/05/22/store2_store_20110522_0230_0300_hit_archive_1306058489.json.gz",1,"2011-05-22 22:01:12","2011-05-22 22:01:12",1306101672
"scott","scott","home",21420,242462757,242462757,864475662,1306101671,62954,1306058495,"euclid-hit-collector-archives-hits/scott/0012cfa4e41c/2011/05/22/home_20110522_0000_0030_hit_archive_1306058494.json.gz",1,"2011-05-22 22:01:12","2011-05-22 22:01:12",1306101672
"telstar","telstar","office",21397,273013281,273013281,77003772,1306101671,88766,1306058487,"euclid-hit-collector-archives-hits/telstar/0012cfa4a308/2011/05/22/office_20110522_0000_0030_hit_archive_1306058487.json.gz",1,"2011-05-22 22:01:12","2011-05-22 22:01:12",1306101672
"stark","stark_industries","stark-palo_alto_core",21407,750070513,584828890,562584705,1306101671,17802,1306058490,"euclid-hit-collector-archives-hits/stark_industries/d85d4ca47f65/2011/05/22/stark-palo_alto_core_20110522_0000_0030_hit_archive_1306058490.json.gz",1,"2011-05-22 22:01:12","2011-05-22 22:01:12",1306101672
"dunder_mifflin","dunder_mifflin","kiosk",21416,483634850,483634850,747636774,1306095374,0,0,"na",0,"2011-05-22 22:01:12","2011-05-22 22:01:12",1306101672
"tyrell_corp","tyrell_corp","store",21425,287389215,287389215,1026883774,0,0,0,"na",0,"2011-05-22 22:01:12","2011-05-22 22:01:12",1306101672
"stark","stark_industries","stark-sf_second_floor",21414,750070513,584828890,709127051,1306101671,21120,1306058492,"euclid-hit-collector-archives-hits/stark_industries/d85d4ca4820c/2011/05/22/stark-sf_second_floor_20110522_0000_0030_hit_archive_1306058492.json.gz",1,"2011-05-22 22:01:12","2011-05-22 22:01:12",1306101672
"east_india_co","east_india_co","lab",21404,871229211,871229211,361722257,0,0,0,"na",0,"2011-05-22 22:01:12","2011-05-22 22:01:12",1306101672
"euclid_dev","harrison_metal","proto_1",21400,35068142,509866921,213796371,0,0,0,"na",0,"2011-05-22 22:01:12","2011-05-22 22:01:12",1306101672
"kwik_e_mart","kwik_e_mart","point_of_sale",21399,634519361,634519361,113389711,1306101671,148359,1306058490,"euclid-hit-collector-archives-hits/kwik_e_mart/940c6dc0ad44/2011/05/22/point_of_sale_20110522_0000_0030_hit_archive_1306058489.json.gz",1,"2011-05-22 22:01:12","2011-05-22 22:01:12",1306101672
"acme","acme","acme-yoyodyne",21402,540414742,540414742,289836770,1306101671,49162,1306058491,"euclid-hit-collector-archives-hits/acme/0012cfa469b6/2011/05/22/acme-yoyodyne_20110522_0000_0030_hit_archive_1306058490.json.gz",1,"2011-05-22 22:01:12","2011-05-22 22:01:12",1306101672
"stark","stark_industries","stark-yoyodyne_gourmet",21411,750070513,584828890,627202110,1306101671,37376,1306058492,"euclid-hit-collector-archives-hits/stark_industries/d85d4ca47a17/2011/05/22/stark-yoyodyne_gourmet_20110522_0000_0030_hit_archive_1306058492.json.gz",1,"2011-05-22 22:01:12","2011-05-22 22:01:12",1306101672
"yoyodyne","yoyodyne","pinkberry_kiosk",21422,497772730,497772730,936350484,1306101671,258140,1306058496,"euclid-hit-collector-archives-hits/yoyodyne/d85d4ca47c6d/2011/05/22/pinkberry_kiosk_20110522_0000_0030_hit_archive_1306058495.json.gz",1,"2011-05-22 22:01:12","2011-05-22 22:01:12",1306101672
"amertek","amertek","store1_store",21409,282818199,282818199,599519544,1306101628,574,0,"na",0,"2011-05-22 22:01:12","2011-05-22 22:01:12",1306101672
"acme","acme","acme-palo_alto",21419,540414742,540414742,854262013,1306101671,25219,1306058495,"euclid-hit-collector-archives-hits/acme/0012cfa4694c/2011/05/22/acme-palo_alto_20110522_0000_0030_hit_archive_1306058495.json.gz",1,"2011-05-22 22:01:12","2011-05-22 22:01:12",1306101672
"stark","stark_industries","stark-yoyodyne_tabletop",21406,750070513,584828890,562522538,1306101671,38226,1306058490,"euclid-hit-collector-archives-hits/stark_industries/d85d4ca47884/2011/05/22/stark-yoyodyne_tabletop_20110522_0000_0030_hit_archive_1306058490.json.gz",1,"2011-05-22 22:01:12","2011-05-22 22:01:12",1306101672
"stark","stark_industries","stark-sf_stark2_first_floor",21427,750070513,584828890,1063375177,1306101671,15227,0,"na",0,"2011-05-22 22:01:12","2011-05-22 22:01:12",1306101672
"stark","stark_industries","stark-diablo_patio",21413,750070513,584828890,707696713,1306101671,24435,1306058492,"euclid-hit-collector-archives-hits/stark_industries/d85d4ca47cac/2011/05/22/stark-diablo_patio_20110522_0000_0030_hit_archive_1306058492.json.gz",1,"2011-05-22 22:01:12","2011-05-22 22:01:12",1306101672
"yoyodyne","yoyodyne","main_st_lightpost_1_west",21424,497772730,497772730,997624916,0,0,0,"na",0,"2011-05-22 22:01:12","2011-05-22 22:01:12",1306101672
"halo_corp","halo_corp","lab",21401,570488950,570488950,224943336,0,0,0,"na",0,"2011-05-22 22:01:12","2011-05-22 22:01:12",1306101672
"amertek","amertek","store3_store",21421,282818199,282818199,874831901,1306101655,5918,0,"na",0,"2011-05-22 22:01:12","2011-05-22 22:01:12",1306101672
"neiman_marcus","neiman_marcus","accton",21410,523231259,523231259,609147324,0,0,0,"na",0,"2011-05-22 22:01:12","2011-05-22 22:01:12",1306101672
"stark","stark_industries","stark-yoyodyne_tabletop",21375,750070513,584828890,562522538,1306098074,34203,1306058490,"euclid-hit-collector-archives-hits/stark_industries/d85d4ca47884/2011/05/22/stark-yoyodyne_tabletop_20110522_0000_0030_hit_archive_1306058490.json.gz",1,"2011-05-22 21:01:19","2011-05-22 21:01:19",1306098079
"stark","stark_industries","stark-sf_stark2_first_floor",21396,750070513,584828890,1063375177,1306098075,12657,0,"na",0,"2011-05-22 21:01:20","2011-05-22 21:01:20",1306098079
"stark","stark_industries","stark-diablo_patio",21382,750070513,584828890,707696713,1306098069,24332,1306058492,"euclid-hit-collector-archives-hits/stark_industries/d85d4ca47cac/2011/05/22/stark-diablo_patio_20110522_0000_0030_hit_archive_1306058492.json.gz",1,"2011-05-22 21:01:19","2011-05-22 21:01:19",1306098079
"yoyodyne","yoyodyne","main_st_lightpost_1_west",21393,497772730,497772730,997624916,0,0,0,"na",0,"2011-05-22 21:01:20","2011-05-22 21:01:20",1306098079
"halo_corp","halo_corp","lab",21370,570488950,570488950,224943336,0,0,0,"na",0,"2011-05-22 21:01:19","2011-05-22 21:01:19",1306098079
"amertek","amertek","store3_store",21390,282818199,282818199,874831901,1306098004,5638,0,"na",0,"2011-05-22 21:01:19","2011-05-22 21:01:19",1306098079
"neiman_marcus","neiman_marcus","accton",21379,523231259,523231259,609147324,0,0,0,"na",0,"2011-05-22 21:01:19","2011-05-22 21:01:19",1306098079
"stark","stark_industries","stark-sf_first_floor",21377,750070513,584828890,567029483,1306098073,65732,1306058491,"euclid-hit-collector-archives-hits/stark_industries/d85d4ca47e19/2011/05/22/stark-sf_first_floor_20110522_0000_0030_hit_archive_1306058491.json.gz",1,"2011-05-22 21:01:19","2011-05-22 21:01:19",1306098079
"yoyodyne","yoyodyne","lab_kiosk",21386,497772730,497772730,766354529,1306098075,260994,1306058493,"euclid-hit-collector-archives-hits/yoyodyne/d85d4ca476af/2011/05/22/lab_kiosk_20110522_0000_0030_hit_archive_1306058493.json.gz",1,"2011-05-22 21:01:19","2011-05-22 21:01:19",1306098079
"yoyodyne","yoyodyne","main_st_lightpost_1_east",21367,497772730,497772730,107985819,0,0,0,"na",0,"2011-05-22 21:01:19","2011-05-22 21:01:19",1306098079
"euclid_dev","harrison_metal","conference_room",21387,35068142,509866921,849978914,1306098075,181664,1306058494,"euclid-hit-collector-archives-hits/harrison_metal/940c6dbc018a/2011/05/22/conference_room_20110522_0000_0030_hit_archive_1306058494.json.gz",1,"2011-05-22 21:01:19","2011-05-22 21:01:19",1306098079
"ryan","ryan","home",21395,767488622,767488622,1035953223,1306098075,72464,1306058496,"euclid-hit-collector-archives-hits/ryan/0012cfa45209/2011/05/22/home_20110522_0000_0030_hit_archive_1306058495.json.gz",1,"2011-05-22 21:01:20","2011-05-22 21:01:20",1306098079
"stark","stark_industries","stark-sf_stark2_second_floor",21384,750070513,584828890,745764876,1306098075,26555,1306058492,"euclid-hit-collector-archives-hits/stark_industries/d85d4ca48200/2011/05/22/stark-sf_stark2_second_floor_20110522_0000_0030_hit_archive_1306058492.json.gz",1,"2011-05-22 21:01:19","2011-05-22 21:01:19",1306098079
"acme","acme","acme-sf",21374,540414742,540414742,464475916,1306098075,85183,1306058494,"euclid-hit-collector-archives-hits/acme/0012cfa46906/2011/05/22/acme-sf_20110522_0000_0030_hit_archive_1306058490.json.gz",1,"2011-05-22 21:01:19","2011-05-22 21:01:19",1306098079
"bluth_co","bluth_co","store",21381,608405643,608405643,666565225,1306098069,29206,1306058493,"euclid-hit-collector-archives-hits/bluth_co/0012cfa4e2aa/2011/05/22/store_20110522_0000_0030_hit_archive_1306058492.json.gz",1,"2011-05-22 21:01:19","2011-05-22 21:01:19",1306098079
"seburo","seburo","store",21392,233007276,233007276,963219281,1306098075,63728,1306058496,"euclid-hit-collector-archives-hits/seburo/0012cfa46fc3/2011/05/22/store_20110522_0000_0030_hit_archive_1306058496.json.gz",1,"2011-05-22 21:01:19","2011-05-22 21:01:19",1306098079
"amertek","amertek","store2_store",21372,282818199,282818199,307489707,1306098069,8340,1306058493,"euclid-hit-collector-archives-hits/amertek/0012cfa4e03a/2011/05/22/store2_store_20110522_0230_0300_hit_archive_1306058489.json.gz",1,"2011-05-22 21:01:19","2011-05-22 21:01:19",1306098079
"scott","scott","home",21389,242462757,242462757,864475662,1306098075,52024,1306058495,"euclid-hit-collector-archives-hits/scott/0012cfa4e41c/2011/05/22/home_20110522_0000_0030_hit_archive_1306058494.json.gz",1,"2011-05-22 21:01:19","2011-05-22 21:01:19",1306098079
"telstar","telstar","office",21366,273013281,273013281,77003772,1306098075,179937,1306058487,"euclid-hit-collector-archives-hits/telstar/0012cfa4a308/2011/05/22/office_20110522_0000_0030_hit_archive_1306058487.json.gz",1,"2011-05-22 21:01:19","2011-05-22 21:01:19",1306098079
"stark","stark_industries","stark-palo_alto_core",21376,750070513,584828890,562584705,1306098069,18142,1306058490,"euclid-hit-collector-archives-hits/stark_industries/d85d4ca47f65/2011/05/22/stark-palo_alto_core_20110522_0000_0030_hit_archive_1306058490.json.gz",1,"2011-05-22 21:01:19","2011-05-22 21:01:19",1306098079
"dunder_mifflin","dunder_mifflin","kiosk",21385,483634850,483634850,747636774,1306095374,29963,0,"na",0,"2011-05-22 21:01:19","2011-05-22 21:01:19",1306098079
"tyrell_corp","tyrell_corp","store",21394,287389215,287389215,1026883774,0,0,0,"na",0,"2011-05-22 21:01:20","2011-05-22 21:01:20",1306098079
"stark","stark_industries","stark-sf_second_floor",21383,750070513,584828890,709127051,1306098073,21013,1306058492,"euclid-hit-collector-archives-hits/stark_industries/d85d4ca4820c/2011/05/22/stark-sf_second_floor_20110522_0000_0030_hit_archive_1306058492.json.gz",1,"2011-05-22 21:01:19","2011-05-22 21:01:19",1306098079
"east_india_co","east_india_co","lab",21373,871229211,871229211,361722257,0,0,0,"na",0,"2011-05-22 21:01:19","2011-05-22 21:01:19",1306098079
"euclid_dev","harrison_metal","proto_1",21369,35068142,509866921,213796371,0,0,0,"na",0,"2011-05-22 21:01:19","2011-05-22 21:01:19",1306098079
"kwik_e_mart","kwik_e_mart","point_of_sale",21368,634519361,634519361,113389711,1306098075,159160,1306058490,"euclid-hit-collector-archives-hits/kwik_e_mart/940c6dc0ad44/2011/05/22/point_of_sale_20110522_0000_0030_hit_archive_1306058489.json.gz",1,"2011-05-22 21:01:19","2011-05-22 21:01:19",1306098079
"acme","acme","acme-yoyodyne",21371,540414742,540414742,289836770,1306098075,50894,1306058491,"euclid-hit-collector-archives-hits/acme/0012cfa469b6/2011/05/22/acme-yoyodyne_20110522_0000_0030_hit_archive_1306058490.json.gz",1,"2011-05-22 21:01:19","2011-05-22 21:01:19",1306098079
"stark","stark_industries","stark-yoyodyne_gourmet",21380,750070513,584828890,627202110,1306098075,36805,1306058492,"euclid-hit-collector-archives-hits/stark_industries/d85d4ca47a17/2011/05/22/stark-yoyodyne_gourmet_20110522_0000_0030_hit_archive_1306058492.json.gz",1,"2011-05-22 21:01:19","2011-05-22 21:01:19",1306098079
"yoyodyne","yoyodyne","pinkberry_kiosk",21391,497772730,497772730,936350484,1306098075,241624,1306058496,"euclid-hit-collector-archives-hits/yoyodyne/d85d4ca47c6d/2011/05/22/pinkberry_kiosk_20110522_0000_0030_hit_archive_1306058495.json.gz",1,"2011-05-22 21:01:19","2011-05-22 21:01:19",1306098079
"amertek","amertek","store1_store",21378,282818199,282818199,599519544,1306097680,416,0,"na",0,"2011-05-22 21:01:19","2011-05-22 21:01:19",1306098079
"acme","acme","acme-palo_alto",21388,540414742,540414742,854262013,1306098071,25583,1306058495,"euclid-hit-collector-archives-hits/acme/0012cfa4694c/2011/05/22/acme-palo_alto_20110522_0000_0030_hit_archive_1306058495.json.gz",1,"2011-05-22 21:01:19","2011-05-22 21:01:19",1306098079
"tyrell_corp","tyrell_corp","store",21363,287389215,287389215,1026883774,0,0,0,"na",0,"2011-05-22 20:01:19","2011-05-22 20:01:19",1306094479
"stark","stark_industries","stark-sf_second_floor",21352,750070513,584828890,709127051,1306094474,19359,1306058492,"euclid-hit-collector-archives-hits/stark_industries/d85d4ca4820c/2011/05/22/stark-sf_second_floor_20110522_0000_0030_hit_archive_1306058492.json.gz",1,"2011-05-22 20:01:19","2011-05-22 20:01:19",1306094479
"east_india_co","east_india_co","lab",21342,871229211,871229211,361722257,0,0,0,"na",0,"2011-05-22 20:01:19","2011-05-22 20:01:19",1306094479
"euclid_dev","harrison_metal","proto_1",21338,35068142,509866921,213796371,0,0,0,"na",0,"2011-05-22 20:01:19","2011-05-22 20:01:19",1306094479
"kwik_e_mart","kwik_e_mart","point_of_sale",21337,634519361,634519361,113389711,1306094474,156091,1306058490,"euclid-hit-collector-archives-hits/kwik_e_mart/940c6dc0ad44/2011/05/22/point_of_sale_20110522_0000_0030_hit_archive_1306058489.json.gz",1,"2011-05-22 20:01:19","2011-05-22 20:01:19",1306094479
"acme","acme","acme-yoyodyne",21340,540414742,540414742,289836770,1306094474,53635,1306058491,"euclid-hit-collector-archives-hits/acme/0012cfa469b6/2011/05/22/acme-yoyodyne_20110522_0000_0030_hit_archive_1306058490.json.gz",1,"2011-05-22 20:01:19","2011-05-22 20:01:19",1306094479
"stark","stark_industries","stark-yoyodyne_gourmet",21349,750070513,584828890,627202110,1306094479,34969,1306058492,"euclid-hit-collector-archives-hits/stark_industries/d85d4ca47a17/2011/05/22/stark-yoyodyne_gourmet_20110522_0000_0030_hit_archive_1306058492.json.gz",1,"2011-05-22 20:01:19","2011-05-22 20:01:19",1306094479
"yoyodyne","yoyodyne","pinkberry_kiosk",21360,497772730,497772730,936350484,1306094479,223427,1306058496,"euclid-hit-collector-archives-hits/yoyodyne/d85d4ca47c6d/2011/05/22/pinkberry_kiosk_20110522_0000_0030_hit_archive_1306058495.json.gz",1,"2011-05-22 20:01:19","2011-05-22 20:01:19",1306094479
"amertek","amertek","store1_store",21347,282818199,282818199,599519544,1306094329,566,0,"na",0,"2011-05-22 20:01:19","2011-05-22 20:01:19",1306094479
"acme","acme","acme-palo_alto",21357,540414742,540414742,854262013,1306094479,26096,1306058495,"euclid-hit-collector-archives-hits/acme/0012cfa4694c/2011/05/22/acme-palo_alto_20110522_0000_0030_hit_archive_1306058495.json.gz",1,"2011-05-22 20:01:19","2011-05-22 20:01:19",1306094479
"stark","stark_industries","stark-yoyodyne_tabletop",21344,750070513,584828890,562522538,1306094474,31718,1306058490,"euclid-hit-collector-archives-hits/stark_industries/d85d4ca47884/2011/05/22/stark-yoyodyne_tabletop_20110522_0000_0030_hit_archive_1306058490.json.gz",1,"2011-05-22 20:01:19","2011-05-22 20:01:19",1306094479
"stark","stark_industries","stark-sf_stark2_first_floor",21365,750070513,584828890,1063375177,1306094479,13440,0,"na",0,"2011-05-22 20:01:19","2011-05-22 20:01:19",1306094479
"stark","stark_industries","stark-diablo_patio",21351,750070513,584828890,707696713,1306094479,25369,1306058492,"euclid-hit-collector-archives-hits/stark_industries/d85d4ca47cac/2011/05/22/stark-diablo_patio_20110522_0000_0030_hit_archive_1306058492.json.gz",1,"2011-05-22 20:01:19","2011-05-22 20:01:19",1306094479
"yoyodyne","yoyodyne","main_st_lightpost_1_west",21362,497772730,497772730,997624916,0,0,0,"na",0,"2011-05-22 20:01:19","2011-05-22 20:01:19",1306094479
"halo_corp","halo_corp","lab",21339,570488950,570488950,224943336,0,0,0,"na",0,"2011-05-22 20:01:19","2011-05-22 20:01:19",1306094479
"amertek","amertek","store3_store",21359,282818199,282818199,874831901,1306094421,4633,0,"na",0,"2011-05-22 20:01:19","2011-05-22 20:01:19",1306094479
"neiman_marcus","neiman_marcus","accton",21348,523231259,523231259,609147324,0,0,0,"na",0,"2011-05-22 20:01:19","2011-05-22 20:01:19",1306094479
"stark","stark_industries","stark-sf_first_floor",21346,750070513,584828890,567029483,1306094479,69800,1306058491,"euclid-hit-collector-archives-hits/stark_industries/d85d4ca47e19/2011/05/22/stark-sf_first_floor_20110522_0000_0030_hit_archive_1306058491.json.gz",1,"2011-05-22 20:01:19","2011-05-22 20:01:19",1306094479
"yoyodyne","yoyodyne","lab_kiosk",21355,497772730,497772730,766354529,1306094479,264158,1306058493,"euclid-hit-collector-archives-hits/yoyodyne/d85d4ca476af/2011/05/22/lab_kiosk_20110522_0000_0030_hit_archive_1306058493.json.gz",1,"2011-05-22 20:01:19","2011-05-22 20:01:19",1306094479
"yoyodyne","yoyodyne","main_st_lightpost_1_east",21336,497772730,497772730,107985819,0,0,0,"na",0,"2011-05-22 20:01:19","2011-05-22 20:01:19",1306094479
"euclid_dev","harrison_metal","conference_room",21356,35068142,509866921,849978914,1306094479,181828,1306058494,"euclid-hit-collector-archives-hits/harrison_metal/940c6dbc018a/2011/05/22/conference_room_20110522_0000_0030_hit_archive_1306058494.json.gz",1,"2011-05-22 20:01:19","2011-05-22 20:01:19",1306094479
"ryan","ryan","home",21364,767488622,767488622,1035953223,1306094479,70336,1306058496,"euclid-hit-collector-archives-hits/ryan/0012cfa45209/2011/05/22/home_20110522_0000_0030_hit_archive_1306058495.json.gz",1,"2011-05-22 20:01:19","2011-05-22 20:01:19",1306094479
"stark","stark_industries","stark-sf_stark2_second_floor",21353,750070513,584828890,745764876,1306094474,26279,1306058492,"euclid-hit-collector-archives-hits/stark_industries/d85d4ca48200/2011/05/22/stark-sf_stark2_second_floor_20110522_0000_0030_hit_archive_1306058492.json.gz",1,"2011-05-22 20:01:19","2011-05-22 20:01:19",1306094479
"acme","acme","acme-sf",21343,540414742,540414742,464475916,1306094479,90084,1306058494,"euclid-hit-collector-archives-hits/acme/0012cfa46906/2011/05/22/acme-sf_20110522_0000_0030_hit_archive_1306058490.json.gz",1,"2011-05-22 20:01:19","2011-05-22 20:01:19",1306094479
"bluth_co","bluth_co","store",21350,608405643,608405643,666565225,1306094479,28676,1306058493,"euclid-hit-collector-archives-hits/bluth_co/0012cfa4e2aa/2011/05/22/store_20110522_0000_0030_hit_archive_1306058492.json.gz",1,"2011-05-22 20:01:19","2011-05-22 20:01:19",1306094479
"seburo","seburo","store",21361,233007276,233007276,963219281,1306094479,59510,1306058496,"euclid-hit-collector-archives-hits/seburo/0012cfa46fc3/2011/05/22/store_20110522_0000_0030_hit_archive_1306058496.json.gz",1,"2011-05-22 20:01:19","2011-05-22 20:01:19",1306094479
"amertek","amertek","store2_store",21341,282818199,282818199,307489707,1306094468,9075,1306058493,"euclid-hit-collector-archives-hits/amertek/0012cfa4e03a/2011/05/22/store2_store_20110522_0230_0300_hit_archive_1306058489.json.gz",1,"2011-05-22 20:01:19","2011-05-22 20:01:19",1306094479
"scott","scott","home",21358,242462757,242462757,864475662,1306094479,54500,1306058495,"euclid-hit-collector-archives-hits/scott/0012cfa4e41c/2011/05/22/home_20110522_0000_0030_hit_archive_1306058494.json.gz",1,"2011-05-22 20:01:19","2011-05-22 20:01:19",1306094479
"telstar","telstar","office",21335,273013281,273013281,77003772,1306094474,88268,1306058487,"euclid-hit-collector-archives-hits/telstar/0012cfa4a308/2011/05/22/office_20110522_0000_0030_hit_archive_1306058487.json.gz",1,"2011-05-22 20:01:19","2011-05-22 20:01:19",1306094479
"stark","stark_industries","stark-palo_alto_core",21345,750070513,584828890,562584705,1306094474,17817,1306058490,"euclid-hit-collector-archives-hits/stark_industries/d85d4ca47f65/2011/05/22/stark-palo_alto_core_20110522_0000_0030_hit_archive_1306058490.json.gz",1,"2011-05-22 20:01:19","2011-05-22 20:01:19",1306094479
"dunder_mifflin","dunder_mifflin","kiosk",21354,483634850,483634850,747636774,1306094479,130089,0,"na",0,"2011-05-22 20:01:19","2011-05-22 20:01:19",1306094479
"seburo","seburo","store",21330,233007276,233007276,963219281,1306090880,61892,1306058496,"euclid-hit-collector-archives-hits/seburo/0012cfa46fc3/2011/05/22/store_20110522_0000_0030_hit_archive_1306058496.json.gz",1,"2011-05-22 19:01:21","2011-05-22 19:01:21",1306090880
"amertek","amertek","store2_store",21310,282818199,282818199,307489707,1306090879,8527,1306058493,"euclid-hit-collector-archives-hits/amertek/0012cfa4e03a/2011/05/22/store2_store_20110522_0230_0300_hit_archive_1306058489.json.gz",1,"2011-05-22 19:01:20","2011-05-22 19:01:20",1306090880
"scott","scott","home",21327,242462757,242462757,864475662,1306090876,54557,1306058495,"euclid-hit-collector-archives-hits/scott/0012cfa4e41c/2011/05/22/home_20110522_0000_0030_hit_archive_1306058494.json.gz",1,"2011-05-22 19:01:21","2011-05-22 19:01:21",1306090880
"telstar","telstar","office",21304,273013281,273013281,77003772,1306090879,97228,1306058487,"euclid-hit-collector-archives-hits/telstar/0012cfa4a308/2011/05/22/office_20110522_0000_0030_hit_archive_1306058487.json.gz",1,"2011-05-22 19:01:20","2011-05-22 19:01:20",1306090880
"stark","stark_industries","stark-palo_alto_core",21314,750070513,584828890,562584705,1306090879,17259,1306058490,"euclid-hit-collector-archives-hits/stark_industries/d85d4ca47f65/2011/05/22/stark-palo_alto_core_20110522_0000_0030_hit_archive_1306058490.json.gz",1,"2011-05-22 19:01:20","2011-05-22 19:01:20",1306090880
"dunder_mifflin","dunder_mifflin","kiosk",21323,483634850,483634850,747636774,1306090876,96124,0,"na",0,"2011-05-22 19:01:20","2011-05-22 19:01:20",1306090880
"tyrell_corp","tyrell_corp","store",21332,287389215,287389215,1026883774,0,0,0,"na",0,"2011-05-22 19:01:21","2011-05-22 19:01:21",1306090880
"stark","stark_industries","stark-sf_second_floor",21321,750070513,584828890,709127051,1306090880,19529,1306058492,"euclid-hit-collector-archives-hits/stark_industries/d85d4ca4820c/2011/05/22/stark-sf_second_floor_20110522_0000_0030_hit_archive_1306058492.json.gz",1,"2011-05-22 19:01:20","2011-05-22 19:01:20",1306090880
"east_india_co","east_india_co","lab",21311,871229211,871229211,361722257,0,0,0,"na",0,"2011-05-22 19:01:20","2011-05-22 19:01:20",1306090880
"euclid_dev","harrison_metal","proto_1",21307,35068142,509866921,213796371,0,0,0,"na",0,"2011-05-22 19:01:20","2011-05-22 19:01:20",1306090880
"kwik_e_mart","kwik_e_mart","point_of_sale",21306,634519361,634519361,113389711,1306090877,156568,1306058490,"euclid-hit-collector-archives-hits/kwik_e_mart/940c6dc0ad44/2011/05/22/point_of_sale_20110522_0000_0030_hit_archive_1306058489.json.gz",1,"2011-05-22 19:01:20","2011-05-22 19:01:20",1306090880
"acme","acme","acme-yoyodyne",21309,540414742,540414742,289836770,1306090879,57408,1306058491,"euclid-hit-collector-archives-hits/acme/0012cfa469b6/2011/05/22/acme-yoyodyne_20110522_0000_0030_hit_archive_1306058490.json.gz",1,"2011-05-22 19:01:20","2011-05-22 19:01:20",1306090880
"stark","stark_industries","stark-yoyodyne_gourmet",21318,750070513,584828890,627202110,1306090878,34094,1306058492,"euclid-hit-collector-archives-hits/stark_industries/d85d4ca47a17/2011/05/22/stark-yoyodyne_gourmet_20110522_0000_0030_hit_archive_1306058492.json.gz",1,"2011-05-22 19:01:20","2011-05-22 19:01:20",1306090880
"yoyodyne","yoyodyne","pinkberry_kiosk",21329,497772730,497772730,936350484,1306090878,181361,1306058496,"euclid-hit-collector-archives-hits/yoyodyne/d85d4ca47c6d/2011/05/22/pinkberry_kiosk_20110522_0000_0030_hit_archive_1306058495.json.gz",1,"2011-05-22 19:01:21","2011-05-22 19:01:21",1306090880
"amertek","amertek","store1_store",21316,282818199,282818199,599519544,1306090719,255,0,"na",0,"2011-05-22 19:01:20","2011-05-22 19:01:20",1306090880
"acme","acme","acme-palo_alto",21326,540414742,540414742,854262013,1306090876,23183,1306058495,"euclid-hit-collector-archives-hits/acme/0012cfa4694c/2011/05/22/acme-palo_alto_20110522_0000_0030_hit_archive_1306058495.json.gz",1,"2011-05-22 19:01:21","2011-05-22 19:01:21",1306090880
"stark","stark_industries","stark-yoyodyne_tabletop",21313,750070513,584828890,562522538,1306090876,30677,1306058490,"euclid-hit-collector-archives-hits/stark_industries/d85d4ca47884/2011/05/22/stark-yoyodyne_tabletop_20110522_0000_0030_hit_archive_1306058490.json.gz",1,"2011-05-22 19:01:20","2011-05-22 19:01:20",1306090880
"stark","stark_industries","stark-sf_stark2_first_floor",21334,750070513,584828890,1063375177,1306090878,12771,0,"na",0,"2011-05-22 19:01:21","2011-05-22 19:01:21",1306090880
"stark","stark_industries","stark-diablo_patio",21320,750070513,584828890,707696713,1306090880,23692,1306058492,"euclid-hit-collector-archives-hits/stark_industries/d85d4ca47cac/2011/05/22/stark-diablo_patio_20110522_0000_0030_hit_archive_1306058492.json.gz",1,"2011-05-22 19:01:20","2011-05-22 19:01:20",1306090880
"yoyodyne","yoyodyne","main_st_lightpost_1_west",21331,497772730,497772730,997624916,0,0,0,"na",0,"2011-05-22 19:01:21","2011-05-22 19:01:21",1306090880
"halo_corp","halo_corp","lab",21308,570488950,570488950,224943336,0,0,0,"na",0,"2011-05-22 19:01:20","2011-05-22 19:01:20",1306090880
"amertek","amertek","store3_store",21328,282818199,282818199,874831901,1306090822,4403,0,"na",0,"2011-05-22 19:01:21","2011-05-22 19:01:21",1306090880
"neiman_marcus","neiman_marcus","accton",21317,523231259,523231259,609147324,0,0,0,"na",0,"2011-05-22 19:01:20","2011-05-22 19:01:20",1306090880
"stark","stark_industries","stark-sf_first_floor",21315,750070513,584828890,567029483,1306090877,65094,1306058491,"euclid-hit-collector-archives-hits/stark_industries/d85d4ca47e19/2011/05/22/stark-sf_first_floor_20110522_0000_0030_hit_archive_1306058491.json.gz",1,"2011-05-22 19:01:20","2011-05-22 19:01:20",1306090880
"yoyodyne","yoyodyne","lab_kiosk",21324,497772730,497772730,766354529,1306090880,249900,1306058493,"euclid-hit-collector-archives-hits/yoyodyne/d85d4ca476af/2011/05/22/lab_kiosk_20110522_0000_0030_hit_archive_1306058493.json.gz",1,"2011-05-22 19:01:20","2011-05-22 19:01:20",1306090880
"yoyodyne","yoyodyne","main_st_lightpost_1_east",21305,497772730,497772730,107985819,0,0,0,"na",0,"2011-05-22 19:01:20","2011-05-22 19:01:20",1306090880
"euclid_dev","harrison_metal","conference_room",21325,35068142,509866921,849978914,1306090879,174943,1306058494,"euclid-hit-collector-archives-hits/harrison_metal/940c6dbc018a/2011/05/22/conference_room_20110522_0000_0030_hit_archive_1306058494.json.gz",1,"2011-05-22 19:01:21","2011-05-22 19:01:21",1306090880
"ryan","ryan","home",21333,767488622,767488622,1035953223,1306090876,64761,1306058496,"euclid-hit-collector-archives-hits/ryan/0012cfa45209/2011/05/22/home_20110522_0000_0030_hit_archive_1306058495.json.gz",1,"2011-05-22 19:01:21","2011-05-22 19:01:21",1306090880
"stark","stark_industries","stark-sf_stark2_second_floor",21322,750070513,584828890,745764876,1306090877,28056,1306058492,"euclid-hit-collector-archives-hits/stark_industries/d85d4ca48200/2011/05/22/stark-sf_stark2_second_floor_20110522_0000_0030_hit_archive_1306058492.json.gz",1,"2011-05-22 19:01:20","2011-05-22 19:01:20",1306090880
"acme","acme","acme-sf",21312,540414742,540414742,464475916,1306090877,68936,1306058494,"euclid-hit-collector-archives-hits/acme/0012cfa46906/2011/05/22/acme-sf_20110522_0000_0030_hit_archive_1306058490.json.gz",1,"2011-05-22 19:01:20","2011-05-22 19:01:20",1306090880
"bluth_co","bluth_co","store",21319,608405643,608405643,666565225,1306090878,27334,1306058493,"euclid-hit-collector-archives-hits/bluth_co/0012cfa4e2aa/2011/05/22/store_20110522_0000_0030_hit_archive_1306058492.json.gz",1,"2011-05-22 19:01:20","2011-05-22 19:01:20",1306090880
"stark","stark_industries","stark-sf_first_floor",21284,750070513,584828890,567029483,1306087271,53619,1306058491,"euclid-hit-collector-archives-hits/stark_industries/d85d4ca47e19/2011/05/22/stark-sf_first_floor_20110522_0000_0030_hit_archive_1306058491.json.gz",1,"2011-05-22 18:01:12","2011-05-22 18:01:12",1306087272
"yoyodyne","yoyodyne","lab_kiosk",21293,497772730,497772730,766354529,1306087272,214646,1306058493,"euclid-hit-collector-archives-hits/yoyodyne/d85d4ca476af/2011/05/22/lab_kiosk_20110522_0000_0030_hit_archive_1306058493.json.gz",1,"2011-05-22 18:01:12","2011-05-22 18:01:12",1306087272
"yoyodyne","yoyodyne","main_st_lightpost_1_east",21274,497772730,497772730,107985819,0,0,0,"na",0,"2011-05-22 18:01:12","2011-05-22 18:01:12",1306087272
"euclid_dev","harrison_metal","conference_room",21294,35068142,509866921,849978914,1306087272,175802,1306058494,"euclid-hit-collector-archives-hits/harrison_metal/940c6dbc018a/2011/05/22/conference_room_20110522_0000_0030_hit_archive_1306058494.json.gz",1,"2011-05-22 18:01:12","2011-05-22 18:01:12",1306087272
"ryan","ryan","home",21302,767488622,767488622,1035953223,1306087272,73116,1306058496,"euclid-hit-collector-archives-hits/ryan/0012cfa45209/2011/05/22/home_20110522_0000_0030_hit_archive_1306058495.json.gz",1,"2011-05-22 18:01:12","2011-05-22 18:01:12",1306087272
"stark","stark_industries","stark-sf_stark2_second_floor",21291,750070513,584828890,745764876,1306087272,29372,1306058492,"euclid-hit-collector-archives-hits/stark_industries/d85d4ca48200/2011/05/22/stark-sf_stark2_second_floor_20110522_0000_0030_hit_archive_1306058492.json.gz",1,"2011-05-22 18:01:12","2011-05-22 18:01:12",1306087272
"acme","acme","acme-sf",21281,540414742,540414742,464475916,1306087271,67703,1306058494,"euclid-hit-collector-archives-hits/acme/0012cfa46906/2011/05/22/acme-sf_20110522_0000_0030_hit_archive_1306058490.json.gz",1,"2011-05-22 18:01:12","2011-05-22 18:01:12",1306087272
"bluth_co","bluth_co","store",21288,608405643,608405643,666565225,1306087271,25521,1306058493,"euclid-hit-collector-archives-hits/bluth_co/0012cfa4e2aa/2011/05/22/store_20110522_0000_0030_hit_archive_1306058492.json.gz",1,"2011-05-22 18:01:12","2011-05-22 18:01:12",1306087272
"seburo","seburo","store",21299,233007276,233007276,963219281,1306087272,69416,1306058496,"euclid-hit-collector-archives-hits/seburo/0012cfa46fc3/2011/05/22/store_20110522_0000_0030_hit_archive_1306058496.json.gz",1,"2011-05-22 18:01:12","2011-05-22 18:01:12",1306087272
"amertek","amertek","store2_store",21279,282818199,282818199,307489707,1306087266,8175,1306058493,"euclid-hit-collector-archives-hits/amertek/0012cfa4e03a/2011/05/22/store2_store_20110522_0230_0300_hit_archive_1306058489.json.gz",1,"2011-05-22 18:01:12","2011-05-22 18:01:12",1306087272
"scott","scott","home",21296,242462757,242462757,864475662,1306087272,53200,1306058495,"euclid-hit-collector-archives-hits/scott/0012cfa4e41c/2011/05/22/home_20110522_0000_0030_hit_archive_1306058494.json.gz",1,"2011-05-22 18:01:12","2011-05-22 18:01:12",1306087272
"telstar","telstar","office",21273,273013281,273013281,77003772,1306087272,94585,1306058487,"euclid-hit-collector-archives-hits/telstar/0012cfa4a308/2011/05/22/office_20110522_0000_0030_hit_archive_1306058487.json.gz",1,"2011-05-22 18:01:12","2011-05-22 18:01:12",1306087272
"stark","stark_industries","stark-palo_alto_core",21283,750070513,584828890,562584705,1306087271,18949,1306058490,"euclid-hit-collector-archives-hits/stark_industries/d85d4ca47f65/2011/05/22/stark-palo_alto_core_20110522_0000_0030_hit_archive_1306058490.json.gz",1,"2011-05-22 18:01:12","2011-05-22 18:01:12",1306087272
"dunder_mifflin","dunder_mifflin","kiosk",21292,483634850,483634850,747636774,1306087272,84586,0,"na",0,"2011-05-22 18:01:12","2011-05-22 18:01:12",1306087272
"tyrell_corp","tyrell_corp","store",21301,287389215,287389215,1026883774,0,0,0,"na",0,"2011-05-22 18:01:12","2011-05-22 18:01:12",1306087272
"stark","stark_industries","stark-sf_second_floor",21290,750070513,584828890,709127051,1306087266,16672,1306058492,"euclid-hit-collector-archives-hits/stark_industries/d85d4ca4820c/2011/05/22/stark-sf_second_floor_20110522_0000_0030_hit_archive_1306058492.json.gz",1,"2011-05-22 18:01:12","2011-05-22 18:01:12",1306087272
"east_india_co","east_india_co","lab",21280,871229211,871229211,361722257,0,0,0,"na",0,"2011-05-22 18:01:12","2011-05-22 18:01:12",1306087272
"euclid_dev","harrison_metal","proto_1",21276,35068142,509866921,213796371,0,0,0,"na",0,"2011-05-22 18:01:12","2011-05-22 18:01:12",1306087272
"kwik_e_mart","kwik_e_mart","point_of_sale",21275,634519361,634519361,113389711,1306087272,192709,1306058490,"euclid-hit-collector-archives-hits/kwik_e_mart/940c6dc0ad44/2011/05/22/point_of_sale_20110522_0000_0030_hit_archive_1306058489.json.gz",1,"2011-05-22 18:01:12","2011-05-22 18:01:12",1306087272
"acme","acme","acme-yoyodyne",21278,540414742,540414742,289836770,1306087272,43195,1306058491,"euclid-hit-collector-archives-hits/acme/0012cfa469b6/2011/05/22/acme-yoyodyne_20110522_0000_0030_hit_archive_1306058490.json.gz",1,"2011-05-22 18:01:12","2011-05-22 18:01:12",1306087272
"stark","stark_industries","stark-yoyodyne_gourmet",21287,750070513,584828890,627202110,1306087271,28570,1306058492,"euclid-hit-collector-archives-hits/stark_industries/d85d4ca47a17/2011/05/22/stark-yoyodyne_gourmet_20110522_0000_0030_hit_archive_1306058492.json.gz",1,"2011-05-22 18:01:12","2011-05-22 18:01:12",1306087272
"yoyodyne","yoyodyne","pinkberry_kiosk",21298,497772730,497772730,936350484,1306087271,189961,1306058496,"euclid-hit-collector-archives-hits/yoyodyne/d85d4ca47c6d/2011/05/22/pinkberry_kiosk_20110522_0000_0030_hit_archive_1306058495.json.gz",1,"2011-05-22 18:01:12","2011-05-22 18:01:12",1306087272
"acme","acme","acme-palo_alto",21295,540414742,540414742,854262013,1306087266,22558,1306058495,"euclid-hit-collector-archives-hits/acme/0012cfa4694c/2011/05/22/acme-palo_alto_20110522_0000_0030_hit_archive_1306058495.json.gz",1,"2011-05-22 18:01:12","2011-05-22 18:01:12",1306087272
"amertek","amertek","store1_store",21285,282818199,282818199,599519544,1306087140,100,0,"na",0,"2011-05-22 18:01:12","2011-05-22 18:01:12",1306087272
"stark","stark_industries","stark-yoyodyne_tabletop",21282,750070513,584828890,562522538,1306087271,23543,1306058490,"euclid-hit-collector-archives-hits/stark_industries/d85d4ca47884/2011/05/22/stark-yoyodyne_tabletop_20110522_0000_0030_hit_archive_1306058490.json.gz",1,"2011-05-22 18:01:12","2011-05-22 18:01:12",1306087272
"stark","stark_industries","stark-sf_stark2_first_floor",21303,750070513,584828890,1063375177,1306087272,8250,0,"na",0,"2011-05-22 18:01:12","2011-05-22 18:01:12",1306087272
"stark","stark_industries","stark-diablo_patio",21289,750070513,584828890,707696713,1306087271,22635,1306058492,"euclid-hit-collector-archives-hits/stark_industries/d85d4ca47cac/2011/05/22/stark-diablo_patio_20110522_0000_0030_hit_archive_1306058492.json.gz",1,"2011-05-22 18:01:12","2011-05-22 18:01:12",1306087272
"yoyodyne","yoyodyne","main_st_lightpost_1_west",21300,497772730,497772730,997624916,0,0,0,"na",0,"2011-05-22 18:01:12","2011-05-22 18:01:12",1306087272
"halo_corp","halo_corp","lab",21277,570488950,570488950,224943336,0,0,0,"na",0,"2011-05-22 18:01:12","2011-05-22 18:01:12",1306087272
"amertek","amertek","store3_store",21297,282818199,282818199,874831901,1306087109,3792,0,"na",0,"2011-05-22 18:01:12","2011-05-22 18:01:12",1306087272
"neiman_marcus","neiman_marcus","accton",21286,523231259,523231259,609147324,0,0,0,"na",0,"2011-05-22 18:01:12","2011-05-22 18:01:12",1306087272
"stark","stark_industries","stark-yoyodyne_tabletop",21251,750070513,584828890,562522538,1306083670,42001,1306058490,"euclid-hit-collector-archives-hits/stark_industries/d85d4ca47884/2011/05/22/stark-yoyodyne_tabletop_20110522_0000_0030_hit_archive_1306058490.json.gz",1,"2011-05-22 17:01:15","2011-05-22 17:01:15",1306083674
"stark","stark_industries","stark-sf_stark2_first_floor",21272,750070513,584828890,1063375177,1306083665,15397,0,"na",0,"2011-05-22 17:01:15","2011-05-22 17:01:15",1306083674
"stark","stark_industries","stark-diablo_patio",21258,750070513,584828890,707696713,1306083665,42104,1306058492,"euclid-hit-collector-archives-hits/stark_industries/d85d4ca47cac/2011/05/22/stark-diablo_patio_20110522_0000_0030_hit_archive_1306058492.json.gz",1,"2011-05-22 17:01:15","2011-05-22 17:01:15",1306083674
"yoyodyne","yoyodyne","main_st_lightpost_1_west",21269,497772730,497772730,997624916,0,0,0,"na",0,"2011-05-22 17:01:15","2011-05-22 17:01:15",1306083674
"halo_corp","halo_corp","lab",21246,570488950,570488950,224943336,0,0,0,"na",0,"2011-05-22 17:01:14","2011-05-22 17:01:14",1306083674
"amertek","amertek","store3_store",21266,282818199,282818199,874831901,1306083647,13178,0,"na",0,"2011-05-22 17:01:15","2011-05-22 17:01:15",1306083674
"neiman_marcus","neiman_marcus","accton",21255,523231259,523231259,609147324,0,0,0,"na",0,"2011-05-22 17:01:15","2011-05-22 17:01:15",1306083674
"stark","stark_industries","stark-sf_first_floor",21253,750070513,584828890,567029483,1306083670,84615,1306058491,"euclid-hit-collector-archives-hits/stark_industries/d85d4ca47e19/2011/05/22/stark-sf_first_floor_20110522_0000_0030_hit_archive_1306058491.json.gz",1,"2011-05-22 17:01:15","2011-05-22 17:01:15",1306083674
"yoyodyne","yoyodyne","lab_kiosk",21262,497772730,497772730,766354529,1306083670,430083,1306058493,"euclid-hit-collector-archives-hits/yoyodyne/d85d4ca476af/2011/05/22/lab_kiosk_20110522_0000_0030_hit_archive_1306058493.json.gz",1,"2011-05-22 17:01:15","2011-05-22 17:01:15",1306083674
"yoyodyne","yoyodyne","main_st_lightpost_1_east",21243,497772730,497772730,107985819,0,0,0,"na",0,"2011-05-22 17:01:14","2011-05-22 17:01:14",1306083674
"euclid_dev","harrison_metal","conference_room",21263,35068142,509866921,849978914,1306083670,359129,1306058494,"euclid-hit-collector-archives-hits/harrison_metal/940c6dbc018a/2011/05/22/conference_room_20110522_0000_0030_hit_archive_1306058494.json.gz",1,"2011-05-22 17:01:15","2011-05-22 17:01:15",1306083674
"ryan","ryan","home",21271,767488622,767488622,1035953223,1306083670,76382,1306058496,"euclid-hit-collector-archives-hits/ryan/0012cfa45209/2011/05/22/home_20110522_0000_0030_hit_archive_1306058495.json.gz",1,"2011-05-22 17:01:15","2011-05-22 17:01:15",1306083674
"stark","stark_industries","stark-sf_stark2_second_floor",21260,750070513,584828890,745764876,1306083668,59027,1306058492,"euclid-hit-collector-archives-hits/stark_industries/d85d4ca48200/2011/05/22/stark-sf_stark2_second_floor_20110522_0000_0030_hit_archive_1306058492.json.gz",1,"2011-05-22 17:01:15","2011-05-22 17:01:15",1306083674
"acme","acme","acme-sf",21250,540414742,540414742,464475916,1306083670,142744,1306058494,"euclid-hit-collector-archives-hits/acme/0012cfa46906/2011/05/22/acme-sf_20110522_0000_0030_hit_archive_1306058490.json.gz",1,"2011-05-22 17:01:15","2011-05-22 17:01:15",1306083674
"bluth_co","bluth_co","store",21257,608405643,608405643,666565225,1306083670,55182,1306058493,"euclid-hit-collector-archives-hits/bluth_co/0012cfa4e2aa/2011/05/22/store_20110522_0000_0030_hit_archive_1306058492.json.gz",1,"2011-05-22 17:01:15","2011-05-22 17:01:15",1306083674
"seburo","seburo","store",21268,233007276,233007276,963219281,1306083670,103610,1306058496,"euclid-hit-collector-archives-hits/seburo/0012cfa46fc3/2011/05/22/store_20110522_0000_0030_hit_archive_1306058496.json.gz",1,"2011-05-22 17:01:15","2011-05-22 17:01:15",1306083674
"amertek","amertek","store2_store",21248,282818199,282818199,307489707,1306083669,8613,1306058493,"euclid-hit-collector-archives-hits/amertek/0012cfa4e03a/2011/05/22/store2_store_20110522_0230_0300_hit_archive_1306058489.json.gz",1,"2011-05-22 17:01:15","2011-05-22 17:01:15",1306083674
"scott","scott","home",21265,242462757,242462757,864475662,1306083670,102969,1306058495,"euclid-hit-collector-archives-hits/scott/0012cfa4e41c/2011/05/22/home_20110522_0000_0030_hit_archive_1306058494.json.gz",1,"2011-05-22 17:01:15","2011-05-22 17:01:15",1306083674
"telstar","telstar","office",21242,273013281,273013281,77003772,1306083670,92713,1306058487,"euclid-hit-collector-archives-hits/telstar/0012cfa4a308/2011/05/22/office_20110522_0000_0030_hit_archive_1306058487.json.gz",1,"2011-05-22 17:01:14","2011-05-22 17:01:14",1306083674
"stark","stark_industries","stark-palo_alto_core",21252,750070513,584828890,562584705,1306083665,35343,1306058490,"euclid-hit-collector-archives-hits/stark_industries/d85d4ca47f65/2011/05/22/stark-palo_alto_core_20110522_0000_0030_hit_archive_1306058490.json.gz",1,"2011-05-22 17:01:15","2011-05-22 17:01:15",1306083674
"dunder_mifflin","dunder_mifflin","kiosk",21261,483634850,483634850,747636774,1306083670,91322,0,"na",0,"2011-05-22 17:01:15","2011-05-22 17:01:15",1306083674
"tyrell_corp","tyrell_corp","store",21270,287389215,287389215,1026883774,0,0,0,"na",0,"2011-05-22 17:01:15","2011-05-22 17:01:15",1306083674
"stark","stark_industries","stark-sf_second_floor",21259,750070513,584828890,709127051,1306083665,32407,1306058492,"euclid-hit-collector-archives-hits/stark_industries/d85d4ca4820c/2011/05/22/stark-sf_second_floor_20110522_0000_0030_hit_archive_1306058492.json.gz",1,"2011-05-22 17:01:15","2011-05-22 17:01:15",1306083674
"east_india_co","east_india_co","lab",21249,871229211,871229211,361722257,0,0,0,"na",0,"2011-05-22 17:01:15","2011-05-22 17:01:15",1306083674
"euclid_dev","harrison_metal","proto_1",21245,35068142,509866921,213796371,0,0,0,"na",0,"2011-05-22 17:01:14","2011-05-22 17:01:14",1306083674
"kwik_e_mart","kwik_e_mart","point_of_sale",21244,634519361,634519361,113389711,1306083670,201255,1306058490,"euclid-hit-collector-archives-hits/kwik_e_mart/940c6dc0ad44/2011/05/22/point_of_sale_20110522_0000_0030_hit_archive_1306058489.json.gz",1,"2011-05-22 17:01:14","2011-05-22 17:01:14",1306083674
"acme","acme","acme-yoyodyne",21247,540414742,540414742,289836770,1306083670,41266,1306058491,"euclid-hit-collector-archives-hits/acme/0012cfa469b6/2011/05/22/acme-yoyodyne_20110522_0000_0030_hit_archive_1306058490.json.gz",1,"2011-05-22 17:01:14","2011-05-22 17:01:14",1306083674
